feature,importance
APP_EXT_SOURCE_MEAN,8.151792627074629
APP_EXT_SOURCE_MAX,4.336857145520473
APP_EXT_SOURCE_MIN,2.7219107621249843
EXT_SOURCE_3,2.231144317122332
BUREAU_BUREAU_DEBT_CREDIT_RATIO_RAW_MAX,1.9680231214116883
EXT_SOURCE_2,1.8706865392690417
AMT_ANNUITY,1.513827779211166
APP_CREDIT_ANNUITY_RATIO,1.432953658661391
FE_GOODS_TO_CREDIT,1.2723213494979417
INS_AMT_PAYMENT_SUM,1.2702825661047947
AGE_YEARS,1.2480951499593962
FE_CREDIT_TO_ANNUITY,1.1812347159518806
DAYS_BIRTH,1.0822800765072789
POS_CNT_INSTALMENT_FUTURE_MEAN,1.0790597231413164
EXT_SOURCE_1,1.0704504165245308
REGION_POPULATION_RELATIVE,1.027975469972822
AMT_GOODS_PRICE,0.8201934292885311
CODE_GENDER_F,0.7876141712520646
BUREAU_ACTIVE_AMT_CREDIT_SUM_SUM,0.7670823064765541
APP_GOODS_CREDIT_RATIO,0.7600079047134739
EXT_SOURCE_1_MISSING_FLAG,0.750073202294599
DAYS_EMPLOYED,0.7327248571998166
POS_MONTHS_BALANCE_SIZE,0.7129170254307198
CODE_GENDER_M,0.707972909412763
NAME_EDUCATION_TYPE_Higher_education,0.6909490388536468
PREV_CNT_PAYMENT_MEAN,0.6888809189680448
BUREAU_BUREAU_DEBT_CREDIT_RATIO_RAW_MEAN,0.6854377029790634
BUREAU_DAYS_CREDIT_ENDDATE_MAX,0.6702932029401655
PREV_GOODS_TO_CREDIT_RATIO_MEAN,0.6345308221812934
INS_LATE_PAYMENT_FLAG_MEAN,0.5672355804406505
ORGANIZATION_TYPE_FREQ_ENC,0.5428337943656976
EMPLOYED_YEARS,0.539083851262247
NAME_FAMILY_STATUS_Married,0.5319037952282598
INS_LATE_PAYMENT_FLAG_MEAN_LOG1P,0.5306923418852745
INS_DPD_MEAN_LOG1P,0.5251587203856628
CC_CNT_DRAWINGS_ATM_CURRENT_MEAN,0.5110789159658761
APP_EMPLOYED_BIRTH_RATIO,0.5095190386148584
APPROVED_CNT_PAYMENT_MEAN,0.5030417895793917
OCCUPATION_TYPE,0.49558387586730995
OWN_CAR_AGE,0.4924307097177953
BUREAU_TOTAL_DEBT_CREDIT_RATIO,0.48161517860638553
PREV_NAME_CONTRACT_STATUS_Refused_MEAN_LOG1P,0.47898205668138166
BUREAU_DAYS_CREDIT_MAX,0.4783073050081436
PREV_NAME_YIELD_GROUP_high_MEAN,0.47252695576474174
BUREAU_AMT_CREDIT_SUM_MAX,0.4720007511945959
BUREAU_CLOSED_DAYS_CREDIT_MAX,0.46228995541176393
PREV_NAME_CONTRACT_STATUS_Refused_MEAN,0.46024145855310544
APPROVED_CNT_PAYMENT_SUM,0.4528490544250947
FE_CREDIT_PER_PERSON,0.4489315120377526
NAME_EDUCATION_TYPE_Secondary_secondary_special,0.44662665999581735
INS_AMT_INSTALMENT_SUM,0.44391230071587223
APP_ANNUITY_INCOME_RATIO,0.43327105003600463
FLAG_DOCUMENT_3,0.432771082849653
INS_DBD_SUM,0.4283193408980072
INS_LAST365_AMT_PAYMENT_SUM,0.425001358969999
POS_CNT_INSTALMENT_FUTURE_MAX,0.42119401477373747
INS_DAYS_ENTRY_PAYMENT_MAX,0.4115516666896914
BUREAU_ACTIVE_DAYS_CREDIT_MAX,0.40468016269909945
APP_EXT_SOURCE_STD,0.4040332016498718
AMT_CREDIT,0.3937143317231448
BUREAU_ACTIVE_DAYS_CREDIT_MEAN,0.3712981845927977
PREV_AMT_DOWN_PAYMENT_MAX,0.3694410743766629
CC_BALANCE_LIMIT_RATIO_MEAN,0.36795654216272045
POS_MONTHS_BALANCE_MAX,0.36354746689954953
BUREAU_ACTIVE_AMT_CREDIT_SUM_DEBT_SUM,0.35939031314405406
BUREAU_AMT_CREDIT_SUM_MEAN,0.3587006289440073
BUREAU_CREDIT_TYPE_Microloan_MEAN,0.35323854726883824
BUREAU_CLOSED_AMT_CREDIT_SUM_SUM,0.3514736349550709
FE_ID_PUBLISH_TO_AGE,0.3389343344395055
DAYS_ID_PUBLISH,0.32076805028623495
BUREAU_AMT_CREDIT_SUM_SUM,0.32063677207698965
PREV_HOUR_APPR_PROCESS_START_MEAN,0.3194602321040461
PREV_DAYS_DECISION_MAX,0.31768515522005863
POS_NAME_CONTRACT_STATUS_Completed_MEAN,0.31442349591349233
ID_PUBLISH_YEARS,0.30859983646638006
INS_LAST365_AMT_PAYMENT_MEAN,0.3075910826232439
CC_AMT_DRAWINGS_ATM_CURRENT_MEAN,0.30577861428802144
PREV_CODE_REJECT_REASON_SCOFR_MEAN,0.3039023628587941
INS_AMT_INSTALMENT_MAX,0.30358901139188815
PREV_AMT_ANNUITY_MEAN,0.30121890661486866
NAME_INCOME_TYPE_Working,0.2997889789800175
POS_CNT_INSTALMENT_MAX,0.2996103364766698
AMT_INCOME_TOTAL,0.2886020240713591
INS_LAST365_DPD_MEAN_LOG1P,0.2880185405602809
POS_NAME_CONTRACT_STATUS_Active_MEAN,0.2838555897244082
BUREAU_CLOSED_AMT_CREDIT_SUM_MEAN,0.27588312305025114
FE_ANNUITY_TO_INCOME,0.27529224691573057
DAYS_REGISTRATION,0.2746078578690006
INS_DAYS_ENTRY_PAYMENT_MEAN,0.26828846151830515
INS_LAST365_LATE_PAYMENT_FLAG_MEAN_LOG1P,0.2639376617155365
FE_REGISTRATION_TO_AGE,0.26269791400715364
APP_PHONE_EMPLOYED_RATIO,0.2603851530905199
APP_CREDIT_INCOME_RATIO,0.25987938039963693
INS_PAY_DIFF_MEAN,0.2598288790129182
BUREAU_DAYS_CREDIT_MEAN,0.2579269088685732
INS_NUM_INSTALMENT_VERSION_NUNIQUE,0.25353329583343726
INS_DAYS_INSTALMENT_MIN,0.25297788730836795
BUREAU_AMT_CREDIT_MAX_OVERDUE_MAX,0.24876531721830308
APP_INCOME_PER_PERSON,0.24825251186014094
CC_DRAWING_LIMIT_RATIO_MEAN,0.24511597186637302
INS_AMT_PAYMENT_MEAN,0.23742173381049314
PREV_CREDIT_TO_ANNUITY_RATIO_MEAN,0.23182680018899396
CC_BALANCE_LIMIT_RATIO_MAX,0.2313222355444745
PREV_DAYS_DECISION_MEAN,0.22927208069563346
HOUR_APPR_PROCESS_START,0.22860842367192524
BUREAU_ACTIVE_AMT_CREDIT_SUM_MEAN,0.22851146099331668
APP_PHONE_BIRTH_RATIO,0.22726993738475162
PREV_NAME_TYPE_SUITE_Unaccompanied_MEAN,0.2257730430357745
INS_AMT_PAYMENT_MIN,0.22473162231887023
BUREAU_ACTIVE_AMT_CREDIT_SUM_DEBT_MEAN,0.21830236107816434
REFUSED_SK_ID_PREV_NUNIQUE,0.2164635155851191
CC_AMT_CREDIT_LIMIT_ACTUAL_MEAN,0.21523129047065234
INS_DBD_MAX,0.21499429211808194
BUREAU_SK_ID_BUREAU_NUNIQUE,0.21435143590316894
PREV_NAME_SELLER_INDUSTRY_Connectivity_MEAN,0.21390289298385565
INS_UNDERPAY_FLAG_MEAN_LOG1P,0.20160080449448534
APPROVED_AMT_APPLICATION_MAX,0.1961466229764581
BUREAU_DAYS_CREDIT_ENDDATE_MIN,0.19394192547800812
CC_CNT_DRAWINGS_CURRENT_MAX_LOG1P,0.19336722014478444
INS_LAST365_DPD_MAX_LOG1P,0.1924580091494871
FLAG_OWN_CAR_N,0.18961422826997057
INS_DAYS_INSTALMENT_MAX,0.18864538778425266
PREV_NAME_TYPE_SUITE_nan_MEAN,0.1873453934923579
PREV_NAME_CLIENT_TYPE_New_MEAN,0.1864558669824302
INS_LAST365_LATE_PAYMENT_FLAG_MEAN,0.18556868580980526
BUREAU_DAYS_CREDIT_MIN,0.18297472719603944
BUREAU_DAYS_CREDIT_ENDDATE_MEAN,0.18140230612947386
PREV_APP_CREDIT_PERC_VAR,0.1808289222367155
DAYS_LAST_PHONE_CHANGE,0.17926944125437463
APP_MISSING_COUNT,0.17902204937612487
INS_DBD_MEAN,0.1782948190985806
PREV_HOUR_APPR_PROCESS_START_MAX,0.17749945457374924
BUREAU_DAYS_CREDIT_VAR,0.1766130063771986
CC_RECEIVABLE_LIMIT_RATIO_MAX,0.17558565136725082
PREV_CHANNEL_TYPE_Credit_and_cash_offices_MEAN,0.1723724451800179
APPROVED_APP_CREDIT_PERC_MAX,0.1708431833687071
INS_DPD_MEAN,0.1701691820722497
REFUSED_AMT_APPLICATION_MAX,0.17004671816841818
BUREAU_DAYS_CREDIT_UPDATE_MAX,0.1688678791855228
APPROVED_APP_CREDIT_PERC_MEAN,0.16738966352000018
FE_INCOME_PER_CHILD,0.1637513485743735
CC_RECEIVABLE_LIMIT_RATIO_MEAN,0.1636985699772928
PREV_DAYS_DECISION_MIN,0.15893743761058193
BUREAU_CREDIT_ACTIVE_Closed_MEAN,0.15881119453012194
PREV_APP_CREDIT_PERC_MEAN,0.15789023487128265
PREV_CHANNEL_TYPE_Channel_of_corporate_sales_MEAN,0.15522152264731778
PREV_CREDIT_TO_ANNUITY_RATIO_MAX,0.15494287455290381
BUREAU_AMT_CREDIT_SUM_DEBT_MEAN,0.15395569611483864
OWN_CAR_AGE_MISSING_FLAG,0.1531445208437464
INS_DAYS_ENTRY_PAYMENT_MIN,0.1525824136714046
PREV_NAME_YIELD_GROUP_XNA_MEAN,0.14886292853815297
INS_AMT_INSTALMENT_MEAN,0.1484324409018557
BUREAU_DAYS_CREDIT_UPDATE_MIN,0.1478128663027085
FE_CREDIT_TO_INCOME,0.14704306271539824
POS_MONTHS_BALANCE_MIN,0.14641055645044423
APPROVED_DAYS_DECISION_MIN,0.14406486735816348
BUREAU_NON_NULL_RATIO,0.14348947984597327
BUREAU_BB_STATUS_ZERO_FLAG_MEAN_MEAN,0.14217491297230933
PREV_AMT_CREDIT_MEAN,0.14068725299999554
FE_EMPLOYED_TO_AGE,0.14048210414097448
POS_CNT_INSTALMENT_SUM,0.1399077885163619
INS_DAYS_INSTALMENT_MEAN,0.13945283157008623
BUREAU_CREDIT_TYPE_Credit_card_MEAN,0.13899214058605622
PREV_NAME_CONTRACT_STATUS_Approved_MEAN,0.13698618814124053
BUREAU_BB_STATUS_0_MEAN_MEAN,0.13409019340857167
PREV_NAME_YIELD_GROUP_middle_MEAN,0.13339792935562847
POS_SK_ID_PREV_NUNIQUE,0.13287023680010315
FLAG_OWN_CAR_Y,0.13221122954543
PREV_WEEKDAY_APPR_PROCESS_START_SATURDAY_MEAN,0.1309424032714294
PREV_PRODUCT_COMBINATION_POS_household_with_interest_MEAN,0.13067852923946655
INS_PAY_DIFF_SUM,0.12926757870538771
BUREAU_AMT_CREDIT_MAX_OVERDUE_MEAN_LOG1P,0.12884744054685024
INS_PAY_DIFF_MAX,0.12874907704768268
PREV_AMT_ANNUITY_MAX,0.12818662197983843
EXT_SOURCE_3_MISSING_FLAG,0.12773316500508833
POS_NAME_CONTRACT_STATUS_Returned_to_the_store_MEAN,0.1270563486836988
APPROVED_DAYS_DECISION_MEAN,0.1268914425034554
CC_AMT_PAYMENT_CURRENT_SUM,0.1255713160135973
INS_AMT_PAYMENT_MAX,0.12505711133988545
BUREAU_AMT_CREDIT_MAX_OVERDUE_MAX_LOG1P,0.1249783426630367
FLAG_DOCUMENT_18,0.12438825505567942
BUREAU_AMT_CREDIT_MAX_OVERDUE_MEAN,0.12422313031162657
CC_PAYMENT_TOTAL_RATIO_MAX,0.12404030743942536
POS_CNT_INSTALMENT_MEAN,0.12344935721318291
BUREAU_CREDIT_ACTIVE_Sold_MEAN,0.12166252844428677
APP_MISSING_RATIO,0.12129586411975073
PREV_CNT_PAYMENT_SUM,0.11955850883169176
INS_DPD_MAX,0.11938382936508322
BUREAU_DAYS_CREDIT_UPDATE_MEAN,0.11782404794042174
CC_CNT_DRAWINGS_CURRENT_MEAN,0.11695234408077086
PREV_RATE_DOWN_PAYMENT_MAX,0.11502203458556683
APPROVED_AMT_CREDIT_MAX,0.11492642160520526
CC_AMT_DRAWINGS_CURRENT_MEAN,0.11390728600296456
INS_LAST365_DPD_MAX,0.11298572744359724
PREV_NAME_PAYMENT_TYPE_XNA_MEAN,0.11296113520470515
PREV_NAME_CASH_LOAN_PURPOSE_Repairs_MEAN,0.11272067717536934
PREV_NAME_CONTRACT_STATUS_Canceled_MEAN,0.11086489857526988
PREV_AMT_APPLICATION_MEAN,0.11081220411116742
BUREAU_ACTIVE_DAYS_CREDIT_MIN,0.10974247968917412
BUREAU_CLOSED_DAYS_CREDIT_MEAN,0.109316756892126
REGISTRATION_YEARS,0.10870970967758166
BUREAU_AMT_CREDIT_SUM_DEBT_MAX,0.10725642866647317
REFUSED_AMT_CREDIT_MAX,0.10483731125448871
NAME_INCOME_TYPE_State_servant,0.10477396034950533
INS_DPD_SUM_LOG1P,0.10461751192270086
PREV_AMT_GOODS_PRICE_MEAN,0.10405885695739292
FE_PHONE_TO_AGE,0.10328919318375714
INS_LAST365_DPD_MEAN,0.10262210955910012
PREV_RATE_DOWN_PAYMENT_MEAN,0.10144436214925286
REFUSED_APP_CREDIT_PERC_MEAN,0.10039415150041625
CC_PAYMENT_MIN_RATIO_MEAN,0.10027258863116419
FLAG_DOCUMENT_16,0.10016405718401393
BUREAU_CLOSED_DAYS_CREDIT_MIN,0.09956438475888729
BUREAU_BB_MONTHS_BALANCE_MAX_MEAN,0.09879136433104564
PREV_WEEKDAY_APPR_PROCESS_START_TUESDAY_MEAN,0.09779346304106573
PREV_WEEKDAY_APPR_PROCESS_START_THURSDAY_MEAN,0.09743218289785326
CC_AMT_RECEIVABLE_PRINCIPAL_MAX,0.09602629485391952
BUREAU_CREDIT_ACTIVE_Active_MEAN,0.09477716480226957
FE_BASEMENT_TO_TOTAL_AREA,0.0942698753112164
PREV_NAME_CASH_LOAN_PURPOSE_Other_MEAN,0.094186571066379
PREV_WEEKDAY_APPR_PROCESS_START_WEDNESDAY_MEAN,0.09346149036419926
PREV_APP_CREDIT_PERC_MAX,0.09329445296290767
YEARS_BEGINEXPLUATATION_MODE,0.09208549887712773
PREV_WEEKDAY_APPR_PROCESS_START_FRIDAY_MEAN,0.09196414941953024
PREV_PRODUCT_COMBINATION_Cash_MEAN,0.09155406494645901
PREV_NAME_PORTFOLIO_Cash_MEAN,0.09084714215309299
FE_LIVING_TO_TOTAL_AREA,0.09065731275530227
FE_INCOME_PER_PERSON,0.09029875536156928
PHONE_CHANGE_YEARS,0.09020733408370539
APPROVED_AMT_CREDIT_MEAN,0.08907756639111487
TOTALAREA_MODE,0.08839137532499523
INS_PAY_PERC_VAR,0.08816333471223198
PREV_NAME_CASH_LOAN_PURPOSE_Urgent_needs_MEAN,0.08813448698656501
CC_AMT_DRAWINGS_ATM_CURRENT_MAX,0.08807849074152746
INS_UNDERPAY_FLAG_MEAN,0.0865770253004975
INS_PAY_PERC_MEAN,0.08644187055703066
CC_AMT_BALANCE_MAX,0.08638907831914504
YEARS_BEGINEXPLUATATION_MEDI,0.0863282490114597
INS_DPD_MAX_LOG1P,0.08427277003497362
PREV_CODE_REJECT_REASON_XAP_MEAN,0.08385818470351052
BUREAU_AMT_CREDIT_SUM_DEBT_SUM,0.08361807014175876
PREV_WEEKDAY_APPR_PROCESS_START_MONDAY_MEAN,0.0831045080472635
REFUSED_DAYS_DECISION_MEAN,0.08283766592507019
FE_LIVINGAREA_RANGE,0.08250995483475675
PREV_NAME_PAYMENT_TYPE_Cash_through_the_bank_MEAN,0.0821902031350451
CC_CNT_DRAWINGS_CURRENT_MEAN_LOG1P,0.08068015723034679
CC_AMT_PAYMENT_CURRENT_MEAN,0.08065912227175555
BUREAU_BB_MONTHS_BALANCE_SIZE_MEAN,0.07985149950144711
BUREAU_CREDIT_TYPE_Consumer_credit_MEAN,0.07894772266427029
PREV_NAME_CONTRACT_TYPE_Cash_loans_MEAN,0.07736167025697184
NAME_EDUCATION_TYPE_Lower_secondary,0.0773431003862819
CC_CNT_DRAWINGS_CURRENT_MAX,0.07590449538906803
WEEKDAY_APPR_PROCESS_START_MONDAY,0.07589141164923942
APP_CONTACT_COUNT,0.07579038975100184
PREV_AMT_DOWN_PAYMENT_MEAN,0.07558670254062815
CC_CNT_DRAWINGS_POS_CURRENT_MAX_LOG1P,0.07540177910089965
PREV_NAME_YIELD_GROUP_low_normal_MEAN,0.07450834337182892
PREV_NAME_SELLER_INDUSTRY_XNA_MEAN,0.07381512767787803
PREV_NAME_CASH_LOAN_PURPOSE_Medicine_MEAN,0.07371118070312936
REFUSED_DAYS_DECISION_MIN,0.07276571540289938
POS_CNT_INSTALMENT_FUTURE_SUM,0.0726678353351485
COMMONAREA_MEDI,0.07246416113591843
APPROVED_AMT_APPLICATION_MEAN,0.07233744327261009
BUREAU_BB_STATUS_C_MEAN_MEAN,0.07204961088196647
PREV_AMT_CREDIT_MAX,0.07103286700927891
BUREAU_BB_STATUS_C_FLAG_MEAN_MEAN,0.07045798484272502
PREV_NAME_CLIENT_TYPE_Repeater_MEAN,0.0699359655635008
PREV_NAME_PRODUCT_TYPE_XNA_MEAN,0.06982247434584006
PREV_CHANNEL_TYPE_Country_wide_MEAN,0.0691086074808508
FE_NONLIVING_TO_TOTAL_AREA,0.0688388419398276
INS_LAST365_LATE_PAYMENT_FLAG_SUM,0.06810122088129761
PREV_PRODUCT_COMBINATION_POS_mobile_with_interest_MEAN,0.06786370503825694
INS_DPD_SUM,0.06716208440168264
WALLSMATERIAL_MODE_Stone_brick,0.067001595326378
CC_DRAWING_LIMIT_RATIO_MAX,0.0662389440840485
PREV_NAME_PRODUCT_TYPE_x_sell_MEAN,0.06619439902647221
BUREAU_BB_STATUS_X_FLAG_MEAN_MEAN,0.06528512458938746
FE_ENTRANCES_MEAN,0.06475672197961523
REFUSED_APP_CREDIT_PERC_MAX,0.06417059122512947
APP_EMPLOYED_BIRTH_RATIO_MISSING_FLAG,0.06222585245977295
REFUSED_AMT_CREDIT_MEAN,0.06186072072154964
INS_LAST365_DPD_SUM_LOG1P,0.06081598743849833
BUREAU_BB_STATUS_3_MEAN_MEAN,0.06066216028788605
REFUSED_AMT_APPLICATION_MEAN,0.06064920470951307
FE_LIVINGAREA_STD,0.05922073477012363
PREV_NAME_PORTFOLIO_XNA_MEAN,0.05902944369830126
CC_CNT_DRAWINGS_ATM_CURRENT_MAX,0.05883949697456997
BUREAU_AMT_CREDIT_SUM_OVERDUE_MEAN,0.058374865257760665
BUREAU_BB_STATUS_4_MEAN_MEAN,0.0555743278567969
CC_AMT_DRAWINGS_CURRENT_MAX,0.05542015688464857
INS_LAST365_LATE_PAYMENT_FLAG_SUM_LOG1P,0.05533090330910722
CNT_FAM_MEMBERS,0.05506592603275346
PREV_WEEKDAY_APPR_PROCESS_START_SUNDAY_MEAN,0.05501900893818352
CC_CNT_DRAWINGS_POS_CURRENT_MAX,0.05467328399071112
BUREAU_AMT_ANNUITY_MAX,0.05465335518015443
COMMONAREA_AVG,0.05458440456174137
INS_PAY_DIFF_VAR,0.05294672453150672
HAS_REFUSED_HISTORY,0.05282169977334328
INS_LAST365_DPD_SUM,0.05265102854757008
PREV_NAME_SELLER_INDUSTRY_Auto_technology_MEAN,0.05209370405159635
APP_ADDRESS_MISMATCH_COUNT,0.05202957537553728
YEARS_BEGINEXPLUATATION_AVG,0.05187395471673608
INS_LATE_PAYMENT_FLAG_SUM,0.05109899020794822
BUREAU_ACTIVE_AMT_CREDIT_SUM_OVERDUE_SUM,0.050646482617845996
PREV_NAME_SELLER_INDUSTRY_Consumer_electronics_MEAN,0.05037637147580806
FE_YEARS_BEGINEXPLUATATION_MEAN,0.050065807176323716
LANDAREA_MODE,0.04975358398737803
OBS_60_CNT_SOCIAL_CIRCLE,0.049740655588024534
FE_NONLIVINGAREA_STD,0.049550272935822315
PREV_CODE_REJECT_REASON_VERIF_MEAN,0.04938071931206783
CC_PAYMENT_TOTAL_RATIO_MEAN,0.04936138414476576
BUREAU_AMT_ANNUITY_MEAN,0.049273035925126385
PREV_NAME_GOODS_CATEGORY_Mobile_MEAN,0.04871234387545743
CC_AMT_PAYMENT_TOTAL_CURRENT_MEAN,0.0486773600084841
FE_NONLIVINGAREA_RANGE,0.048482695668392195
PREV_NAME_PORTFOLIO_Cards_MEAN,0.04786801069423516
PREV_NAME_CASH_LOAN_PURPOSE_XAP_MEAN,0.047817269068372144
PREV_CODE_REJECT_REASON_XNA_MEAN,0.0476180269191043
PREV_NAME_GOODS_CATEGORY_XNA_MEAN,0.047337732416049126
LIVINGAREA_MODE,0.04716252575349633
BUREAU_BB_STATUS_5_MEAN_MEAN,0.04597490948750806
LANDAREA_AVG,0.045835359248986796
NAME_HOUSING_TYPE_Rented_apartment,0.045722992130683
PREV_NAME_PORTFOLIO_POS_MEAN,0.04501578637469731
APARTMENTS_AVG,0.044954901344550935
BUREAU_TOTAL_OVERDUE_DEBT_RATIO,0.04437150270708618
NAME_HOUSING_TYPE_With_parents,0.04402719052247808
PREV_NAME_GOODS_CATEGORY_Sport_and_Leisure_MEAN,0.043931408705842605
FE_LIVINGAREA_MEAN,0.04388864211081806
PREV_NAME_CASH_LOAN_PURPOSE_Building_a_house_or_an_annex_MEAN,0.04372734855016961
WEEKDAY_APPR_PROCESS_START_WEDNESDAY,0.04359793731392977
FLAG_DOCUMENT_13,0.0435374000975944
PREV_NAME_TYPE_SUITE_Family_MEAN,0.042071023637181425
PREV_NAME_CONTRACT_TYPE_Revolving_loans_MEAN,0.04181983552069155
APPROVED_SK_ID_PREV_NUNIQUE,0.041798640287779486
NAME_HOUSING_TYPE_Office_apartment,0.04146446760622737
WEEKDAY_APPR_PROCESS_START_TUESDAY,0.04133310974190698
BUREAU_BB_MONTHS_BALANCE_MIN_MEAN,0.041328474381058154
CC_PAYMENT_MIN_RATIO_MAX,0.04052546992791674
PREV_CHANNEL_TYPE_Stone_MEAN,0.04034136294807913
CC_AMT_RECEIVABLE_PRINCIPAL_MEAN,0.04033145365163398
FE_APARTMENTS_STD,0.04029273010379033
INS_PAY_PERC_VAR_LOG1P,0.04004167770755453
APARTMENTS_MODE,0.0398182973732969
CNT_CHILDREN,0.038677114169274746
BUREAU_CREDIT_DAY_OVERDUE_MEAN,0.0382880883700017
AMT_REQ_CREDIT_BUREAU_YEAR,0.038037086144805624
CC_AMT_DRAWINGS_CURRENT_SUM,0.037672862811751896
NONLIVINGAREA_AVG,0.03760382706721659
CC_AMT_BALANCE_MEAN,0.03743122501629001
CC_AMT_RECEIVABLE_PRINCIPAL_MAX_LOG1P,0.03739520556347877
ENTRANCES_MEDI,0.03718231810729068
CC_NAME_CONTRACT_STATUS_Signed_MEAN,0.03706822593678559
PREV_NAME_CASH_LOAN_PURPOSE_Car_repairs_MEAN,0.03682714874292406
OBS_30_CNT_SOCIAL_CIRCLE,0.03661150474818708
PREV_NAME_TYPE_SUITE_Other_A_MEAN,0.03660512213713691
FE_APARTMENTS_MEAN,0.03655395938936348
LIVINGAPARTMENTS_MODE,0.03652940007555982
PREV_NAME_CASH_LOAN_PURPOSE_XNA_MEAN,0.036485294390100405
CC_MONTHS_BALANCE_SIZE,0.036043816209190206
WALLSMATERIAL_MODE_Others,0.03575046926912386
PREV_AMT_GOODS_PRICE_MAX,0.03541483885369694
CC_MONTHS_BALANCE_MIN,0.03536727377059531
PREV_AMT_APPLICATION_MAX,0.0353167231372016
FE_BASEMENTAREA_RANGE,0.035262283868858386
FLOORSMAX_AVG,0.03485145556593833
NAME_HOUSING_TYPE_House_apartment,0.03466271566463042
FE_YEARS_BEGINEXPLUATATION_STD,0.03446559101529961
BUREAU_AMT_CREDIT_SUM_OVERDUE_MAX,0.03388742429735928
CC_AMT_PAYMENT_TOTAL_CURRENT_SUM,0.03342489588257092
CC_CNT_INSTALMENT_MATURE_CUM_MAX_LOG1P,0.03322563413509412
LANDAREA_MEDI,0.03286405141676912
BUREAU_ACTIVE_AMT_CREDIT_SUM_OVERDUE_MEAN,0.0328042140798868
PREV_DOWN_PAYMENT_TO_CREDIT_MAX,0.03277622663598715
BUREAU_BB_STATUS_1_MEAN_MEAN,0.03268891102115363
APP_CAR_BIRTH_RATIO_MISSING_FLAG,0.032627963228874804
PREV_NAME_CONTRACT_TYPE_Consumer_loans_MEAN,0.03250074450974751
CC_AMT_DRAWINGS_POS_CURRENT_MAX,0.03215767745429015
NAME_CONTRACT_TYPE_Cash_loans,0.032137837543297174
PREV_NAME_CASH_LOAN_PURPOSE_Buying_a_used_car_MEAN,0.03169731953370005
COMMONAREA_MODE,0.03163509949207239
WEEKDAY_APPR_PROCESS_START_SUNDAY,0.03159488880549498
CC_AMT_TOTAL_RECEIVABLE_MEAN,0.03125150980827838
APARTMENTS_MEDI,0.03114045910967993
PREV_NAME_GOODS_CATEGORY_Vehicles_MEAN,0.031063491786541695
WALLSMATERIAL_MODE_Panel,0.031000689276699994
INS_SK_ID_PREV_NUNIQUE,0.030918312901427828
PREV_NAME_GOODS_CATEGORY_Direct_Sales_MEAN,0.03077500211377765
FE_BASEMENTAREA_STD,0.03040131697576832
FLOORSMIN_AVG,0.030033601518340423
LIVINGAREA_AVG,0.030027104689648847
CC_AMT_PAYMENT_CURRENT_MAX,0.02990387154695263
POS_NAME_CONTRACT_STATUS_Demand_MEAN,0.029740117093246348
HOUSETYPE_MODE_specific_housing,0.029653457122869608
PREV_FLAG_LAST_APPL_PER_CONTRACT_N_MEAN,0.029556046045351263
CC_AMT_INST_MIN_REGULARITY_MAX_LOG1P,0.029254198335615742
PREV_NAME_CASH_LOAN_PURPOSE_Everyday_expenses_MEAN,0.029085082362719117
NAME_HOUSING_TYPE_Municipal_apartment,0.028778416179174
PREV_NAME_CASH_LOAN_PURPOSE_Payments_on_other_loans_MEAN,0.02847885643430795
FE_FLOORSMAX_RANGE,0.027857569419604673
CC_AMT_BALANCE_MAX_LOG1P,0.027779060210854384
CC_CNT_DRAWINGS_POS_CURRENT_MEAN,0.02760886523471689
PREV_PRODUCT_COMBINATION_POS_industry_without_interest_MEAN,0.027385655565228827
CC_CNT_DRAWINGS_POS_CURRENT_MEAN_LOG1P,0.027087404798787032
AMT_REQ_CREDIT_BUREAU_DAY_MISSING_FLAG,0.02692773468623715
PREV_NAME_GOODS_CATEGORY_Jewelry_MEAN,0.026790541667587504
CC_CNT_INSTALMENT_MATURE_CUM_MEAN_LOG1P,0.026578752819418322
OCCUPATION_TYPE_MISSING_FLAG,0.026249655501324364
POS_NAME_CONTRACT_STATUS_Approved_MEAN,0.026226934106448285
CC_AMT_PAYMENT_TOTAL_CURRENT_MAX,0.02614063010956574
REFUSED_NON_NULL_RATIO,0.026041547498006485
FE_ELEVATORS_STD,0.025953530084917187
CC_CNT_DRAWINGS_CURRENT_SUM,0.02571624479217019
FE_YEARS_BUILD_STD,0.025674238666002273
BASEMENTAREA_AVG,0.025670244919623778
PREV_GOODS_TO_CREDIT_RATIO_MAX,0.025534029158120322
CC_AMT_DRAWINGS_POS_CURRENT_MAX_LOG1P,0.025401385271972516
NAME_TYPE_SUITE_Spouse_partner,0.025261449537821775
AMT_REQ_CREDIT_BUREAU_DAY,0.0250041316159814
CC_AMT_CREDIT_LIMIT_ACTUAL_MAX,0.024960009722066287
FE_SOCIAL_TOTAL_60,0.02456243376290887
FE_TOTAL_BUREAU_INQUIRIES,0.024556247096263084
FE_ELEVATORS_RANGE,0.024400207705428792
ENTRANCES_MODE,0.02422275039699094
PREV_NAME_CLIENT_TYPE_Refreshed_MEAN_LOG1P,0.024192372937573644
WEEKDAY_APPR_PROCESS_START_SATURDAY,0.02418655629317833
PREV_NAME_SELLER_INDUSTRY_Industry_MEAN,0.024046626839097262
BUREAU_BB_STATUS_X_MEAN_MEAN,0.023850189874042537
PREV_NAME_CASH_LOAN_PURPOSE_Furniture_MEAN,0.023759875150647234
OBS_60_CNT_SOCIAL_CIRCLE_LOG1P,0.023706125099226174
APARTMENTS_MEDI_MISSING_FLAG,0.023545746178103913
PREV_NAME_GOODS_CATEGORY_Auto_Accessories_MEAN,0.023479899667863943
BUREAU_CREDIT_TYPE_Another_type_of_loan_MEAN,0.02343767883664817
BUREAU_CREDIT_TYPE_Credit_card_MEAN_LOG1P,0.02298695631896522
BUREAU_BB_STATUS_BAD_FLAG_SUM_MEAN,0.022857059484322987
NAME_FAMILY_STATUS_Civil_marriage,0.022848051853364682
NONLIVINGAPARTMENTS_AVG,0.02273541614339134
BUREAU_CNT_CREDIT_PROLONG_MEAN,0.02273251557045543
PREV_NAME_TYPE_SUITE_Other_B_MEAN,0.022429925453362254
CC_AMT_INST_MIN_REGULARITY_MAX,0.02226073231650666
CC_AMT_TOTAL_RECEIVABLE_MAX,0.02179982887843861
NAME_EDUCATION_TYPE_Incomplete_higher,0.021534571918385145
OBS_30_CNT_SOCIAL_CIRCLE_LOG1P,0.02139974442798719
CC_AMT_PAYMENT_TOTAL_CURRENT_MEAN_LOG1P,0.021288328308114945
FE_BASEMENTAREA_MEAN,0.020816129324878408
PREV_NAME_GOODS_CATEGORY_Office_Appliances_MEAN,0.020641750778592774
CC_AMT_INST_MIN_REGULARITY_MEAN,0.020428464850814104
CC_CNT_INSTALMENT_MATURE_CUM_MEAN,0.020342018266767195
BUREAU_CREDIT_TYPE_Loan_for_working_capital_replenishment_MEAN,0.020170585396296455
FLOORSMIN_MODE,0.020137994175806324
PREV_NAME_PAYMENT_TYPE_Non_cash_from_your_account_MEAN,0.020014953645969655
ELEVATORS_AVG,0.019953108935240466
CC_CNT_DRAWINGS_ATM_CURRENT_SUM,0.0195627649950531
YEARS_BUILD_MODE,0.019478515345101803
BUREAU_CREDIT_CURRENCY_currency_1_MEAN,0.01927874498571774
CC_CNT_DRAWINGS_ATM_CURRENT_SUM_LOG1P,0.019252091209696506
FE_YEARS_BUILD_RANGE,0.019248791167522778
CC_CNT_DRAWINGS_CURRENT_SUM_LOG1P,0.018801942550286877
CC_MONTHS_BALANCE_MAX,0.018745736069895852
PREV_NAME_CASH_LOAN_PURPOSE_Wedding_gift_holiday_MEAN,0.018688535736879505
PREV_NAME_GOODS_CATEGORY_Consumer_Electronics_MEAN,0.018655753583484914
PREV_NAME_TYPE_SUITE_Group_of_people_MEAN,0.018479989380551346
PREV_NAME_CLIENT_TYPE_Refreshed_MEAN,0.018476524013821837
APP_EXT_SOURCE_STD_MISSING_FLAG,0.01837144659033085
PREV_SK_ID_PREV_NUNIQUE,0.018331144657649703
NONLIVINGAREA_AVG_MISSING_FLAG,0.018297967161026357
PREV_NAME_GOODS_CATEGORY_Consumer_Electronics_MEAN_LOG1P,0.018275360328896376
FONDKAPREMONT_MODE_reg_oper_spec_account,0.018205572273703233
FE_YEARS_BUILD_MEAN,0.017906306593591752
BUREAU_BUREAU_OVERDUE_DEBT_RATIO_RAW_MAX,0.017849022246955
FE_FLOORSMAX_MEAN,0.01768858610258579
ENTRANCES_AVG_MISSING_FLAG,0.01761239496152053
CC_AMT_TOTAL_RECEIVABLE_SUM,0.01757406146037881
PREV_DOWN_PAYMENT_TO_CREDIT_MEAN,0.01752189509251143
PREV_NAME_PORTFOLIO_Cards_MEAN_LOG1P,0.017458924550324797
PREV_NAME_GOODS_CATEGORY_Mobile_MEAN_LOG1P,0.017435754418132818
FE_ELEVATORS_MEAN,0.01735890412132608
INS_UNDERPAY_FLAG_SUM,0.017213169436072005
BUREAU_CREDIT_DAY_OVERDUE_MAX,0.01720051239775885
CC_AMT_DRAWINGS_POS_CURRENT_MEAN,0.01681364494005411
LIVINGAREA_MEDI,0.016593224737757286
CC_NAME_CONTRACT_STATUS_Sent_proposal_MEAN,0.01644563217612929
NAME_FAMILY_STATUS_Single_not_married,0.016394765897962946
PREV_NAME_CASH_LOAN_PURPOSE_Gasification_water_supply_MEAN,0.01625749237784455
LIVINGAPARTMENTS_MEDI,0.01624431767901698
BASEMENTAREA_MODE,0.01623195723060857
PREV_NAME_CASH_LOAN_PURPOSE_Business_development_MEAN,0.016179657336530397
NAME_TYPE_SUITE_Family,0.016074705653219723
CC_AMT_DRAWINGS_ATM_CURRENT_SUM,0.015847991698917256
FLAG_PHONE,0.015795781078697366
FE_SOCIAL_TOTAL_30,0.01569107452749662
CC_AMT_PAYMENT_TOTAL_CURRENT_SUM_LOG1P,0.01565739872435793
NONLIVINGAPARTMENTS_AVG_LOG1P,0.015500385370026251
YEARS_BUILD_AVG,0.01538728779772514
PREV_NAME_GOODS_CATEGORY_Other_MEAN,0.015376793150660878
FLOORSMAX_MEDI,0.015259374815997291
INS_NON_NULL_RATIO,0.015253335309279685
ENTRANCES_AVG,0.015078080969056266
FONDKAPREMONT_MODE_MISSING_FLAG,0.01505512661394208
CC_AMT_DRAWINGS_POS_CURRENT_MEAN_LOG1P,0.015027869001853239
NAME_EDUCATION_TYPE_Academic_degree,0.015016643618724393
CC_CNT_INSTALMENT_MATURE_CUM_MAX,0.014834617523735083
BUREAU_AMT_CREDIT_SUM_OVERDUE_SUM,0.014498410876872946
PREV_NAME_CONTRACT_TYPE_Revolving_loans_MEAN_LOG1P,0.014295358865319326
FE_NONLIVINGAREA_MEAN,0.014267285817539282
APP_PHONE_EMPLOYED_RATIO_MISSING_FLAG,0.014067548034395689
BUREAU_BB_STATUS_1_MEAN_MEAN_LOG1P,0.014065919770147364
BUREAU_CREDIT_TYPE_Credit_card_MEAN_BIN_Q5_0_2_0_375,0.014054982460672808
PREV_NAME_CASH_LOAN_PURPOSE_Education_MEAN,0.01388049657943373
FE_APARTMENTS_RANGE,0.01298486640488828
NONLIVINGAREA_MODE,0.012921045577305492
BUREAU_BB_STATUS_BAD_FLAG_MEAN_MEAN,0.012876251106682163
LIVE_REGION_NOT_WORK_REGION,0.012717811528812782
FE_YEARS_BEGINEXPLUATATION_RANGE,0.012707167068288077
ELEVATORS_AVG_LOG1P,0.0124390971804708
NAME_FAMILY_STATUS_Widow,0.012321466258572222
LIVINGAPARTMENTS_AVG,0.012143164485363343
NONLIVINGAREA_MEDI,0.012142838801360271
PREV_NAME_CASH_LOAN_PURPOSE_Journey_MEAN,0.012122964192426323
CC_SK_ID_PREV_NUNIQUE,0.01194747869920408
BUREAU_BUREAU_OVERDUE_DEBT_RATIO_RAW_MEAN,0.011942684820600916
NAME_CONTRACT_TYPE_Revolving_loans,0.01182271194271472
AMT_REQ_CREDIT_BUREAU_WEEK,0.011798321492794908
CC_AMT_INST_MIN_REGULARITY_MEAN_LOG1P,0.011792849711514494
NAME_TYPE_SUITE_Unknown,0.011297902020779222
FLOORSMIN_MEDI,0.011075700690390875
PREV_NAME_CLIENT_TYPE_XNA_MEAN,0.011062445048109605
PREV_NAME_CASH_LOAN_PURPOSE_Buying_a_home_MEAN,0.011055211361030354
PREV_NAME_GOODS_CATEGORY_Homewares_MEAN,0.010978330427844232
FLAG_OWN_REALTY_N,0.010758721740021593
PREV_NAME_CASH_LOAN_PURPOSE_Buying_a_holiday_home_land_MEAN,0.010450998134883413
CC_AMT_RECEIVABLE_PRINCIPAL_SUM,0.010325792090156804
INS_PAY_DIFF_VAR_LOG1P,0.009764540691840521
INS_LATE_PAYMENT_FLAG_SUM_LOG1P,0.009675759969435612
NAME_TYPE_SUITE_Unaccompanied,0.009475381636429062
PREV_NAME_PAYMENT_TYPE_Cashless_from_the_account_of_the_employer_MEAN,0.009413524348273916
ELEVATORS_MEDI_LOG1P,0.009015514835494195
ELEVATORS_MODE_MISSING_FLAG,0.008821745527796887
BASEMENTAREA_MEDI,0.008814281896210668
CC_AMT_TOTAL_RECEIVABLE_MAX_LOG1P,0.008757727942646712
BUREAU_BB_STATUS_BAD_FLAG_MEAN_MEAN_LOG1P,0.008737084444794022
FE_ENTRANCES_STD,0.008648617137607072
PREV_PRODUCT_COMBINATION_POS_others_without_interest_MEAN,0.008644970235027772
BUREAU_BB_STATUS_BAD_FLAG_SUM_MEAN_LOG1P,0.008521537897490222
FLOORSMAX_MODE,0.008422212512010347
WEEKDAY_APPR_PROCESS_START_THURSDAY,0.008154042938273626
PREV_CHANNEL_TYPE_Stone_MEAN_LOG1P,0.008142809291987288
FLAG_DOCUMENT_5,0.008014958294279478
FLAG_DOCUMENT_21,0.00795806596577698
PREV_NAME_GOODS_CATEGORY_Insurance_MEAN,0.007727956500178229
WEEKDAY_APPR_PROCESS_START_FRIDAY,0.007723837825384876
EMERGENCYSTATE_MODE_No,0.0075912454773507
FLAG_DOCUMENT_15,0.007494655705763992
NAME_HOUSING_TYPE_Co_op_apartment,0.007307613121614553
CC_AMT_BALANCE_SUM,0.007263382212917706
PREV_PRODUCT_COMBINATION_nan_MEAN,0.007138128189400502
PREV_NAME_CONTRACT_TYPE_XNA_MEAN,0.007123882354168723
NAME_INCOME_TYPE_Commercial_associate,0.006863600391445222
BUREAU_CREDIT_CURRENCY_currency_3_MEAN,0.006532127427349244
BUREAU_CREDIT_DAY_OVERDUE_SUM,0.006450796738631946
LANDAREA_AVG_MISSING_FLAG,0.005838142202943392
NAME_TYPE_SUITE_Other_A,0.00563706594232524
BUREAU_AMT_CREDIT_MAX_OVERDUE_MEAN_BIN_Q5_0_001_590_535,0.005418769468687684
NONLIVINGAREA_MEDI_MISSING_FLAG,0.005357843924718701
BUREAU_AMT_CREDIT_MAX_OVERDUE_MAX_BIN_Q5_0_001_1998_0,0.005174839727921629
CC_AMT_DRAWINGS_POS_CURRENT_SUM,0.004835016611486312
NAME_TYPE_SUITE_Other_B,0.004806874822117197
PREV_NAME_GOODS_CATEGORY_Medicine_MEAN,0.0047895115243954765
PREV_NAME_CASH_LOAN_PURPOSE_Buying_a_new_car_MEAN,0.0047771329013487195
BUREAU_CNT_CREDIT_PROLONG_SUM,0.004687361884005574
WALLSMATERIAL_MODE_Wooden,0.004658489662200534
PREV_NAME_SELLER_INDUSTRY_MLM_partners_MEAN,0.00452309071617303
NAME_INCOME_TYPE_Unemployed,0.0043873674238323395
NONLIVINGAREA_MEDI_LOG1P,0.004340119481434133
PREV_NAME_CASH_LOAN_PURPOSE_Purchase_of_electronic_equipment_MEAN,0.004280667597230582
PREV_NON_NULL_RATIO,0.0042364246086479046
EMERGENCYSTATE_MODE_Yes,0.0042104876142410805
ELEVATORS_MEDI,0.004066276742089154
CC_CNT_DRAWINGS_POS_CURRENT_SUM,0.00399516963844866
YEARS_BUILD_MEDI,0.0038976766552987503
CC_AMT_DRAWINGS_POS_CURRENT_SUM_LOG1P,0.0038959845144779484
FE_FLOORSMAX_STD,0.0038518738197186576
FONDKAPREMONT_MODE_not_specified,0.003785802034497253
PREV_NAME_SELLER_INDUSTRY_Jewelry_MEAN,0.003673341243186763
PREV_NAME_GOODS_CATEGORY_Gardening_MEAN,0.003620000696537453
FE_ENTRANCES_RANGE,0.003559078285039327
REG_REGION_NOT_LIVE_REGION,0.003431225073627612
YEARS_BUILD_AVG_MISSING_FLAG,0.0033938094856608373
NONLIVINGAREA_AVG_LOG1P,0.0033846898598713874
FONDKAPREMONT_MODE_reg_oper_account,0.003207363058754869
PREV_FLAG_LAST_APPL_PER_CONTRACT_Y_MEAN,0.002921441705900162
CC_CNT_DRAWINGS_POS_CURRENT_SUM_LOG1P,0.00278657309444272
FLAG_OWN_REALTY_Y,0.0024240957672836167
TOTALAREA_MODE_MISSING_FLAG,0.0024121546601312406
CC_AMT_PAYMENT_TOTAL_CURRENT_MAX_LOG1P,0.0022871410146764345
PREV_CODE_REJECT_REASON_SYSTEM_MEAN,0.002078329065958183
PREV_NAME_CASH_LOAN_PURPOSE_Buying_a_garage_MEAN,0.0020763246762717817
ELEVATORS_MODE,0.002023908029773306
POS_NAME_CONTRACT_STATUS_Amortized_debt_MEAN,0.0020234259267964444
BUREAU_AMT_CREDIT_MAX_OVERDUE_MAX_BIN_Q5_1998_0_14821_9,0.001886519553829935
APARTMENTS_AVG_MISSING_FLAG,0.0018679770440011541
BUREAU_CREDIT_TYPE_Credit_card_MEAN_BIN_Q5_0_001_0_2,0.0018169282457226443
YEARS_BUILD_MODE_MISSING_FLAG,0.0017206510933352058
PREV_NAME_CASH_LOAN_PURPOSE_Hobby_MEAN,0.0016943841150811984
LIVINGAREA_AVG_MISSING_FLAG,0.0016279595126869899
FLOORSMAX_AVG_MISSING_FLAG,0.0015968467435817696
PREV_NAME_GOODS_CATEGORY_Tourism_MEAN,0.0014899702591039939
FLOORSMIN_AVG_MISSING_FLAG,0.0013009795727182128
BUREAU_CREDIT_CURRENCY_currency_2_MEAN,0.0012991069649660662
INS_UNDERPAY_FLAG_SUM_LOG1P,0.0012288080198285796
PREV_NAME_CASH_LOAN_PURPOSE_Money_for_a_third_person_MEAN,0.001207800950292026
FONDKAPREMONT_MODE_Unknown,0.0011342861451413527
CC_AMT_DRAWINGS_CURRENT_MAX_LOG1P,0.0011274511969029545
CC_NON_NULL_RATIO,0.0010973655917439799
BUREAU_CREDIT_TYPE_Loan_for_the_purchase_of_equipment_MEAN,0.001040835003452211
FE_ANY_BUREAU_INQUIRY,0.0010075894003440612
CC_NAME_CONTRACT_STATUS_Demand_MEAN,0.0009903311537150475
PREV_NAME_CASH_LOAN_PURPOSE_Refusal_to_name_the_goal_MEAN,0.000959539772623261
NAME_FAMILY_STATUS_Separated,0.0009250419606396302
NAME_INCOME_TYPE_Maternity_leave,0.0007268927190802304
NAME_TYPE_SUITE_Group_of_people,0.0006954962829258715
FLAG_DOCUMENT_2,0.000658580539392109
FLAG_DOCUMENT_20,0.000604655516561338
PREV_NAME_GOODS_CATEGORY_Fitness_MEAN,0.0005887617155047345
PREV_NAME_GOODS_CATEGORY_Medical_Supplies_MEAN,0.0005197152729291822
PREV_NAME_PORTFOLIO_Cars_MEAN,0.00047453162215683786
FONDKAPREMONT_MODE_org_spec_account,0.0004543514678981766
PREV_NAME_GOODS_CATEGORY_Education_MEAN,0.00035844445684320576
BUREAU_CREDIT_TYPE_Loan_for_business_development_MEAN,0.00035265123229093307
FLAG_DOCUMENT_9,0.0003322544113274932
FLAG_DOCUMENT_19,0.0002644901401037208
BUREAU_CREDIT_TYPE_Cash_loan_non_earmarked_MEAN,0.0002010141049343282
CC_AMT_DRAWINGS_ATM_CURRENT_SUM_LOG1P,0.00015847295066835545
HOUSETYPE_MODE_block_of_flats,0.00012120042105079284
PREV_NAME_GOODS_CATEGORY_Weapon_MEAN,0.00011527224967923397
POS_NAME_CONTRACT_STATUS_Canceled_MEAN,7.493673812597065e-05
AMT_REQ_CREDIT_BUREAU_HOUR,7.149369731939113e-05
PREV_CHANNEL_TYPE_Car_dealer_MEAN,6.550190025329186e-05
CC_NAME_CONTRACT_STATUS_Refused_MEAN,5.208457731531383e-05
FLAG_DOCUMENT_7,5.100975130280281e-05
BUREAU_CREDIT_ACTIVE_Bad_debt_MEAN,2.5049167021168404e-05
BUREAU_CREDIT_TYPE_Unknown_type_of_loan_MEAN,2.1109137353031103e-05
BUREAU_CREDIT_TYPE_Interbank_credit_MEAN,3.335856237726744e-07
YEARS_BEGINEXPLUATATION_MEDI_MISSING_FLAG,0.0
PREV_PRODUCT_COMBINATION_Cash_X_Sell_middle_MEAN,0.0
WALLSMATERIAL_MODE_Mixed,0.0
ENTRANCES_MEDI_MISSING_FLAG,0.0
BUREAU_BB_STATUS_BAD_FLAG_MEAN_MEAN_BIN_Q5_0_0114_0_03,0.0
BUREAU_BB_STATUS_BAD_FLAG_MEAN_MEAN_BIN_Q5_0_001_0_03,0.0
BUREAU_BB_STATUS_BAD_FLAG_MEAN_MEAN_BIN_Q5_0_001_0_0114,0.0
NONLIVINGAREA_MODE_MISSING_FLAG,0.0
NAME_FAMILY_STATUS_Unknown,0.0
LIVINGAREA_MODE_MISSING_FLAG,0.0
LIVINGAREA_MEDI_MISSING_FLAG,0.0
LIVINGAPARTMENTS_MODE_MISSING_FLAG,0.0
FE_DEF_TO_OBS_60,0.0
FE_DEF_TO_OBS_30,0.0
FE_BASEMENTAREA_MISS_COUNT,0.0
NONLIVINGAREA_MODE_LOG1P,0.0
POS_NON_NULL_RATIO,0.0
POS_NAME_CONTRACT_STATUS_XNA_MEAN,0.0
POS_NAME_CONTRACT_STATUS_Signed_MEAN,0.0
BUREAU_BB_STATUS_BAD_FLAG_SUM_MEAN_BIN_Q5_0_357_0_68,0.0
BUREAU_BB_STATUS_BAD_FLAG_SUM_MEAN_BIN_Q5_0_001_0_68,0.0
BUREAU_BB_STATUS_BAD_FLAG_SUM_MEAN_BIN_Q5_0_001_0_357,0.0
CC_AMT_DRAWINGS_CURRENT_SUM_BIN_Q5_0_001_918426_94,0.0
CC_AMT_DRAWINGS_CURRENT_MEAN_BIN_Q5_949_373_45834_99,0.0
CC_AMT_DRAWINGS_CURRENT_MEAN_BIN_Q5_17_579_0_0,0.0
CC_AMT_DRAWINGS_CURRENT_MEAN_BIN_Q5_0_0_949_373,0.0
CC_AMT_DRAWINGS_CURRENT_MEAN_BIN_Q5_0_001_45834_99,0.0
CC_AMT_DRAWINGS_CURRENT_MAX_BIN_Q5_28145_925_2287098_315,0.0
CC_AMT_DRAWINGS_CURRENT_MAX_BIN_Q5_0_001_28145_925,0.0
CC_AMT_DRAWINGS_CURRENT_MAX_BIN_Q5_0_001_2115000_0,0.0
LANDAREA_MODE_MISSING_FLAG,0.0
LANDAREA_MEDI_MISSING_FLAG,0.0
POS_SK_DPD_SUM,0.0
POS_SK_DPD_MEAN,0.0
POS_SK_DPD_MAX,0.0
POS_SK_DPD_DEF_SUM,0.0
BUREAU_BB_STATUS_2_MEAN_MEAN,0.0
BUREAU_BB_STATUS_1_MEAN_MEAN_BIN_Q5_0_0102_0_02,0.0
BUREAU_BB_STATUS_1_MEAN_MEAN_BIN_Q5_0_001_0_02,0.0
BUREAU_BB_STATUS_1_MEAN_MEAN_BIN_Q5_0_001_0_0102,0.0
BUREAU_BB_MONTHS_BALANCE_MAX_MEAN_BIN_Q5_92_001_0_0,0.0
BUREAU_BB_MONTHS_BALANCE_MAX_MEAN_BIN_Q5_7_001_0_0,0.0
POS_SK_DPD_DEF_MEAN,0.0
POS_SK_DPD_DEF_MAX,0.0
POS_POS_LATE_FLAG_SUM,0.0
POS_POS_LATE_FLAG_MEAN,0.0
ELEVATORS_MODE_LOG1P,0.0
ELEVATORS_MEDI_MISSING_FLAG,0.0
ELEVATORS_AVG_MISSING_FLAG,0.0
DEF_60_CNT_SOCIAL_CIRCLE,0.0
DEF_30_CNT_SOCIAL_CIRCLE,0.0
PREV_CHANNEL_TYPE_AP_Cash_loan_MEAN,0.0
FE_APARTMENTS_MISS_COUNT,0.0
ENTRANCES_MODE_MISSING_FLAG,0.0
CC_AMT_DRAWINGS_CURRENT_SUM_BIN_Q5_45000_0_918426_94,0.0
CC_AMT_DRAWINGS_CURRENT_SUM_BIN_Q5_1687_501_0_0,0.0
CC_AMT_DRAWINGS_CURRENT_SUM_BIN_Q5_0_0_45000_0,0.0
LIVINGAPARTMENTS_MEDI_MISSING_FLAG,0.0
LIVINGAPARTMENTS_AVG_MISSING_FLAG,0.0
LIVE_CITY_NOT_WORK_CITY,0.0
BUREAU_AMT_CREDIT_MAX_OVERDUE_MEAN_BIN_Q5_590_535_5310_0,0.0
BUREAU_AMT_CREDIT_MAX_OVERDUE_MEAN_BIN_Q5_4_5_5310_0,0.0
BUREAU_AMT_CREDIT_MAX_OVERDUE_MEAN_BIN_Q5_0_001_4_5,0.0
PREV_CODE_REJECT_REASON_LIMIT_MEAN,0.0
PREV_CODE_REJECT_REASON_HC_MEAN,0.0
PREV_CODE_REJECT_REASON_CLIENT_MEAN,0.0
PREV_CHANNEL_TYPE_Regional_Local_MEAN,0.0
INS_PAY_PERC_MAX,0.0
INS_LAST365_PAY_PERC_MEAN,0.0
INS_LAST365_PAY_PERC_MAX,0.0
FE_LIVINGAREA_MISS_COUNT,0.0
EMERGENCYSTATE_MODE_Unknown,0.0
EMERGENCYSTATE_MODE_MISSING_FLAG,0.0
CC_SK_DPD_MEAN,0.0
CC_SK_DPD_MAX,0.0
CC_SK_DPD_DEF_SUM,0.0
FE_FLOORSMAX_MISS_COUNT,0.0
FE_ENTRANCES_MISS_COUNT,0.0
FE_ELEVATORS_MISS_COUNT,0.0
INS_LAST365_PAY_DIFF_SUM,0.0
INS_LAST365_PAY_DIFF_MEAN,0.0
BUREAU_CREDIT_TYPE_Credit_card_MEAN_BIN_Q5_0_375_1_0,0.0
BUREAU_CREDIT_TYPE_Credit_card_MEAN_BIN_Q5_0_214_0_375,0.0
BUREAU_CREDIT_TYPE_Credit_card_MEAN_BIN_Q5_0_001_0_214,0.0
PREV_CODE_REJECT_REASON_SCO_MEAN,0.0
BUREAU_AMT_CREDIT_SUM_LIMIT_SUM,0.0
BUREAU_AMT_CREDIT_SUM_LIMIT_MEAN,0.0
BUREAU_AMT_CREDIT_SUM_LIMIT_MAX,0.0
BUREAU_CREDIT_TYPE_Loan_for_purchase_of_shares_margin_lending_MEAN,0.0
CC_NAME_CONTRACT_STATUS_Completed_MEAN,0.0
CC_NAME_CONTRACT_STATUS_Approved_MEAN,0.0
CC_NAME_CONTRACT_STATUS_Active_MEAN,0.0
CC_AMT_INST_MIN_REGULARITY_MEAN_BIN_Q5_0_001_12714_68,0.0
BUREAU_AMT_CREDIT_MAX_OVERDUE_MAX_BIN_Q5_13_302_14821_9,0.0
BUREAU_AMT_CREDIT_MAX_OVERDUE_MAX_BIN_Q5_0_001_13_302,0.0
PREV_CHANNEL_TYPE_Contact_center_MEAN,0.0
DAYS_EMPLOYED_MISSING_FLAG,0.0
DAYS_EMPLOYED_ANOM,0.0
COMMONAREA_MODE_MISSING_FLAG,0.0
COMMONAREA_MEDI_MISSING_FLAG,0.0
COMMONAREA_AVG_MISSING_FLAG,0.0
CODE_GENDER_XNA,0.0
CC_SK_DPD_SUM,0.0
PREV_NAME_CONTRACT_STATUS_Unused_offer_MEAN,0.0
AMT_REQ_CREDIT_BUREAU_YEAR_MISSING_FLAG,0.0
APARTMENTS_MODE_MISSING_FLAG,0.0
CC_SK_DPD_DEF_MEAN,0.0
CC_SK_DPD_DEF_MAX,0.0
FLAG_CONT_MOBILE,0.0
FLAG_DOCUMENT_10,0.0
CC_AMT_BALANCE_MEAN_BIN_Q5_0_0_3892_065,0.0
BUREAU_CREDIT_TYPE_Car_loan_MEAN,0.0
BUREAU_CREDIT_CURRENCY_currency_4_MEAN,0.0
CC_AMT_BALANCE_MEAN_BIN_Q5_188_856_0_0,0.0
PREV_PRODUCT_COMBINATION_Cash_X_Sell_low_MEAN,0.0
BUREAU_CREDIT_TYPE_Real_estate_loan_MEAN,0.0
BUREAU_CREDIT_TYPE_Mortgage_MEAN,0.0
BUREAU_CREDIT_TYPE_Mobile_operator_loan_MEAN,0.0
NONLIVINGAPARTMENTS_MODE_MISSING_FLAG,0.0
APP_CAR_BIRTH_RATIO,0.0
PREV_NAME_GOODS_CATEGORY_Construction_Materials_MEAN,0.0
PREV_NAME_GOODS_CATEGORY_Computers_MEAN,0.0
PREV_NAME_GOODS_CATEGORY_Clothing_and_Accessories_MEAN,0.0
PREV_NAME_GOODS_CATEGORY_Audio_Video_MEAN,0.0
PREV_NAME_GOODS_CATEGORY_Animals_MEAN,0.0
PREV_NAME_GOODS_CATEGORY_Additional_Service_MEAN,0.0
FE_YEARS_BUILD_MISS_COUNT,0.0
FE_YEARS_BEGINEXPLUATATION_MISS_COUNT,0.0
FE_NONLIVINGAREA_MISS_COUNT,0.0
APPROVED_NON_NULL_RATIO,0.0
HOUSETYPE_MODE_terraced_house,0.0
CC_AMT_BALANCE_MEAN_BIN_Q5_2930_2340000000004_0_0,0.0
HOUSETYPE_MODE_Unknown,0.0
HOUSETYPE_MODE_MISSING_FLAG,0.0
HAS_PREV_HISTORY,0.0
PREV_NAME_GOODS_CATEGORY_Photo_Cinema_Equipment_MEAN,0.0
CC_AMT_PAYMENT_TOTAL_CURRENT_MAX_BIN_Q5_0_001_10746_423,0.0
HAS_POS_HISTORY,0.0
HAS_INS_HISTORY,0.0
HAS_CC_HISTORY,0.0
CC_AMT_BALANCE_MEAN_BIN_Q5_0_0_246526_26,0.0
CC_AMT_BALANCE_MAX_BIN_Q5_42853_446_1505902_185,0.0
CC_AMT_BALANCE_MAX_BIN_Q5_0_001_42853_446,0.0
CC_AMT_BALANCE_MAX_BIN_Q5_0_001_1354829_265,0.0
HAS_BUREAU_HISTORY,0.0
HAS_APPROVED_HISTORY,0.0
AMT_REQ_CREDIT_BUREAU_QRT,0.0
AMT_REQ_CREDIT_BUREAU_QRT_MISSING_FLAG,0.0
FLOORSMIN_MODE_MISSING_FLAG,0.0
PREV_NAME_GOODS_CATEGORY_Furniture_MEAN,0.0
CC_AMT_PAYMENT_TOTAL_CURRENT_MAX_BIN_Q5_0_001_272250_0,0.0
CC_AMT_INST_MIN_REGULARITY_MAX_BIN_Q5_2250_0_194198_31,0.0
CC_AMT_INST_MIN_REGULARITY_MAX_BIN_Q5_0_001_2250_0,0.0
CC_AMT_INST_MIN_REGULARITY_MAX_BIN_Q5_0_001_202882_005,0.0
FLOORSMIN_MEDI_MISSING_FLAG,0.0
PREV_PRODUCT_COMBINATION_POS_other_with_interest_MEAN,0.0
FLOORSMAX_MODE_MISSING_FLAG,0.0
FLOORSMAX_MEDI_MISSING_FLAG,0.0
PREV_PRODUCT_COMBINATION_POS_mobile_without_interest_MEAN,0.0
FLAG_WORK_PHONE,0.0
FLAG_MOBIL,0.0
FLAG_EMP_PHONE,0.0
FLAG_EMAIL,0.0
CC_AMT_DRAWINGS_POS_CURRENT_SUM_BIN_Q5_0_001_149554_91,0.0
CC_AMT_DRAWINGS_POS_CURRENT_MEAN_BIN_Q5_0_001_20801_43,0.0
CC_AMT_DRAWINGS_POS_CURRENT_MAX_BIN_Q5_0_001_142418_33,0.0
PREV_PRODUCT_COMBINATION_POS_industry_with_interest_MEAN,0.0
FLAG_DOCUMENT_6,0.0
FLAG_DOCUMENT_4,0.0
PREV_PRODUCT_COMBINATION_POS_household_without_interest_MEAN,0.0
CC_AMT_BALANCE_SUM_BIN_Q5_8120_746_0_0,0.0
CC_AMT_BALANCE_SUM_BIN_Q5_126000_001_0_0,0.0
FLAG_DOCUMENT_17,0.0
FLAG_DOCUMENT_14,0.0
FLAG_DOCUMENT_12,0.0
FLAG_DOCUMENT_11,0.0
CC_AMT_DRAWINGS_ATM_CURRENT_SUM_BIN_Q5_0_001_618750_0,0.0
PREV_NAME_SELLER_INDUSTRY_Furniture_MEAN,0.0
PREV_NAME_SELLER_INDUSTRY_Construction_MEAN,0.0
PREV_NAME_SELLER_INDUSTRY_Clothing_MEAN,0.0
PREV_NAME_PRODUCT_TYPE_walk_in_MEAN,0.0
CC_AMT_BALANCE_SUM_BIN_Q5_103359_051_7687950_86,0.0
CC_AMT_BALANCE_SUM_BIN_Q5_0_0_7687950_86,0.0
PREV_PRODUCT_COMBINATION_Cash_X_Sell_high_MEAN,0.0
PREV_PRODUCT_COMBINATION_Cash_Street_middle_MEAN,0.0
PREV_PRODUCT_COMBINATION_Cash_Street_low_MEAN,0.0
PREV_PRODUCT_COMBINATION_Cash_Street_high_MEAN,0.0
PREV_PRODUCT_COMBINATION_Card_X_Sell_MEAN,0.0
PREV_PRODUCT_COMBINATION_Card_Street_MEAN,0.0
PREV_NAME_YIELD_GROUP_low_action_MEAN,0.0
PREV_NAME_TYPE_SUITE_Spouse_partner_MEAN,0.0
PREV_NAME_TYPE_SUITE_Children_MEAN,0.0
BASEMENTAREA_MODE_MISSING_FLAG,0.0
BASEMENTAREA_MEDI_MISSING_FLAG,0.0
BASEMENTAREA_AVG_MISSING_FLAG,0.0
PREV_NAME_SELLER_INDUSTRY_Tourism_MEAN,0.0
CC_AMT_BALANCE_SUM_BIN_Q5_0_0_103359_051,0.0
FLAG_DOCUMENT_8,0.0
REGION_RATING_CLIENT_W_CITY,0.0
AMT_REQ_CREDIT_BUREAU_WEEK_MISSING_FLAG,0.0
REG_CITY_NOT_LIVE_CITY,0.0
CC_AMT_INST_MIN_REGULARITY_MEAN_BIN_Q5_373_458_12714_68,0.0
CC_AMT_INST_MIN_REGULARITY_MEAN_BIN_Q5_0_001_373_458,0.0
YEARS_BEGINEXPLUATATION_AVG_MISSING_FLAG,0.0
AMT_REQ_CREDIT_BUREAU_HOUR_MISSING_FLAG,0.0
AMT_REQ_CREDIT_BUREAU_MON,0.0
CC_CC_LATE_FLAG_SUM,0.0
CC_CC_LATE_FLAG_MEAN,0.0
WALLSMATERIAL_MODE_MISSING_FLAG,0.0
WALLSMATERIAL_MODE_Block,0.0
REG_REGION_NOT_WORK_REGION,0.0
REG_CITY_NOT_WORK_CITY,0.0
REGION_RATING_CLIENT,0.0
CC_AMT_PAYMENT_TOTAL_CURRENT_MAX_BIN_Q5_10746_423_272250_0,0.0
WALLSMATERIAL_MODE_Unknown,0.0
WALLSMATERIAL_MODE_Monolithic,0.0
NONLIVINGAPARTMENTS_MODE_LOG1P,0.0
NONLIVINGAPARTMENTS_MODE,0.0
NONLIVINGAPARTMENTS_MEDI_MISSING_FLAG,0.0
NONLIVINGAPARTMENTS_MEDI_LOG1P,0.0
NONLIVINGAPARTMENTS_MEDI,0.0
NONLIVINGAPARTMENTS_AVG_MISSING_FLAG,0.0
YEARS_BUILD_MEDI_MISSING_FLAG,0.0
NAME_TYPE_SUITE_Children,0.0
NAME_INCOME_TYPE_Student,0.0
NAME_INCOME_TYPE_Pensioner,0.0
YEARS_BEGINEXPLUATATION_MODE_MISSING_FLAG,0.0
NAME_INCOME_TYPE_Businessman,0.0
AMT_REQ_CREDIT_BUREAU_MON_MISSING_FLAG,0.0
CC_AMT_BALANCE_MEAN_BIN_Q5_3892_065_246526_26,0.0
APP_DOCUMENT_COUNT,0.0
