original_feature_name,clean_feature_name
CNT_CHILDREN,CNT_CHILDREN
AMT_INCOME_TOTAL,AMT_INCOME_TOTAL
AMT_CREDIT,AMT_CREDIT
AMT_ANNUITY,AMT_ANNUITY
AMT_GOODS_PRICE,AMT_GOODS_PRICE
REGION_POPULATION_RELATIVE,REGION_POPULATION_RELATIVE
DAYS_BIRTH,DAYS_BIRTH
DAYS_EMPLOYED,DAYS_EMPLOYED
DAYS_REGISTRATION,DAYS_REGISTRATION
DAYS_ID_PUBLISH,DAYS_ID_PUBLISH
OWN_CAR_AGE,OWN_CAR_AGE
FLAG_MOBIL,FLAG_MOBIL
FLAG_EMP_PHONE,FLAG_EMP_PHONE
FLAG_WORK_PHONE,FLAG_WORK_PHONE
FLAG_CONT_MOBILE,FLAG_CONT_MOBILE
FLAG_PHONE,FLAG_PHONE
FLAG_EMAIL,FLAG_EMAIL
OCCUPATION_TYPE,OCCUPATION_TYPE
CNT_FAM_MEMBERS,CNT_FAM_MEMBERS
REGION_RATING_CLIENT,REGION_RATING_CLIENT
REGION_RATING_CLIENT_W_CITY,REGION_RATING_CLIENT_W_CITY
HOUR_APPR_PROCESS_START,HOUR_APPR_PROCESS_START
REG_REGION_NOT_LIVE_REGION,REG_REGION_NOT_LIVE_REGION
REG_REGION_NOT_WORK_REGION,REG_REGION_NOT_WORK_REGION
LIVE_REGION_NOT_WORK_REGION,LIVE_REGION_NOT_WORK_REGION
REG_CITY_NOT_LIVE_CITY,REG_CITY_NOT_LIVE_CITY
REG_CITY_NOT_WORK_CITY,REG_CITY_NOT_WORK_CITY
LIVE_CITY_NOT_WORK_CITY,LIVE_CITY_NOT_WORK_CITY
EXT_SOURCE_1,EXT_SOURCE_1
EXT_SOURCE_2,EXT_SOURCE_2
EXT_SOURCE_3,EXT_SOURCE_3
APARTMENTS_AVG,APARTMENTS_AVG
BASEMENTAREA_AVG,BASEMENTAREA_AVG
YEARS_BEGINEXPLUATATION_AVG,YEARS_BEGINEXPLUATATION_AVG
YEARS_BUILD_AVG,YEARS_BUILD_AVG
COMMONAREA_AVG,COMMONAREA_AVG
ELEVATORS_AVG,ELEVATORS_AVG
ENTRANCES_AVG,ENTRANCES_AVG
FLOORSMAX_AVG,FLOORSMAX_AVG
FLOORSMIN_AVG,FLOORSMIN_AVG
LANDAREA_AVG,LANDAREA_AVG
LIVINGAPARTMENTS_AVG,LIVINGAPARTMENTS_AVG
LIVINGAREA_AVG,LIVINGAREA_AVG
NONLIVINGAPARTMENTS_AVG,NONLIVINGAPARTMENTS_AVG
NONLIVINGAREA_AVG,NONLIVINGAREA_AVG
APARTMENTS_MODE,APARTMENTS_MODE
BASEMENTAREA_MODE,BASEMENTAREA_MODE
YEARS_BEGINEXPLUATATION_MODE,YEARS_BEGINEXPLUATATION_MODE
YEARS_BUILD_MODE,YEARS_BUILD_MODE
COMMONAREA_MODE,COMMONAREA_MODE
ELEVATORS_MODE,ELEVATORS_MODE
ENTRANCES_MODE,ENTRANCES_MODE
FLOORSMAX_MODE,FLOORSMAX_MODE
FLOORSMIN_MODE,FLOORSMIN_MODE
LANDAREA_MODE,LANDAREA_MODE
LIVINGAPARTMENTS_MODE,LIVINGAPARTMENTS_MODE
LIVINGAREA_MODE,LIVINGAREA_MODE
NONLIVINGAPARTMENTS_MODE,NONLIVINGAPARTMENTS_MODE
NONLIVINGAREA_MODE,NONLIVINGAREA_MODE
APARTMENTS_MEDI,APARTMENTS_MEDI
BASEMENTAREA_MEDI,BASEMENTAREA_MEDI
YEARS_BEGINEXPLUATATION_MEDI,YEARS_BEGINEXPLUATATION_MEDI
YEARS_BUILD_MEDI,YEARS_BUILD_MEDI
COMMONAREA_MEDI,COMMONAREA_MEDI
ELEVATORS_MEDI,ELEVATORS_MEDI
ENTRANCES_MEDI,ENTRANCES_MEDI
FLOORSMAX_MEDI,FLOORSMAX_MEDI
FLOORSMIN_MEDI,FLOORSMIN_MEDI
LANDAREA_MEDI,LANDAREA_MEDI
LIVINGAPARTMENTS_MEDI,LIVINGAPARTMENTS_MEDI
LIVINGAREA_MEDI,LIVINGAREA_MEDI
NONLIVINGAPARTMENTS_MEDI,NONLIVINGAPARTMENTS_MEDI
NONLIVINGAREA_MEDI,NONLIVINGAREA_MEDI
TOTALAREA_MODE,TOTALAREA_MODE
OBS_30_CNT_SOCIAL_CIRCLE,OBS_30_CNT_SOCIAL_CIRCLE
DEF_30_CNT_SOCIAL_CIRCLE,DEF_30_CNT_SOCIAL_CIRCLE
OBS_60_CNT_SOCIAL_CIRCLE,OBS_60_CNT_SOCIAL_CIRCLE
DEF_60_CNT_SOCIAL_CIRCLE,DEF_60_CNT_SOCIAL_CIRCLE
DAYS_LAST_PHONE_CHANGE,DAYS_LAST_PHONE_CHANGE
FLAG_DOCUMENT_2,FLAG_DOCUMENT_2
FLAG_DOCUMENT_3,FLAG_DOCUMENT_3
FLAG_DOCUMENT_4,FLAG_DOCUMENT_4
FLAG_DOCUMENT_5,FLAG_DOCUMENT_5
FLAG_DOCUMENT_6,FLAG_DOCUMENT_6
FLAG_DOCUMENT_7,FLAG_DOCUMENT_7
FLAG_DOCUMENT_8,FLAG_DOCUMENT_8
FLAG_DOCUMENT_9,FLAG_DOCUMENT_9
FLAG_DOCUMENT_10,FLAG_DOCUMENT_10
FLAG_DOCUMENT_11,FLAG_DOCUMENT_11
FLAG_DOCUMENT_12,FLAG_DOCUMENT_12
FLAG_DOCUMENT_13,FLAG_DOCUMENT_13
FLAG_DOCUMENT_14,FLAG_DOCUMENT_14
FLAG_DOCUMENT_15,FLAG_DOCUMENT_15
FLAG_DOCUMENT_16,FLAG_DOCUMENT_16
FLAG_DOCUMENT_17,FLAG_DOCUMENT_17
FLAG_DOCUMENT_18,FLAG_DOCUMENT_18
FLAG_DOCUMENT_19,FLAG_DOCUMENT_19
FLAG_DOCUMENT_20,FLAG_DOCUMENT_20
FLAG_DOCUMENT_21,FLAG_DOCUMENT_21
AMT_REQ_CREDIT_BUREAU_HOUR,AMT_REQ_CREDIT_BUREAU_HOUR
AMT_REQ_CREDIT_BUREAU_DAY,AMT_REQ_CREDIT_BUREAU_DAY
AMT_REQ_CREDIT_BUREAU_WEEK,AMT_REQ_CREDIT_BUREAU_WEEK
AMT_REQ_CREDIT_BUREAU_MON,AMT_REQ_CREDIT_BUREAU_MON
AMT_REQ_CREDIT_BUREAU_QRT,AMT_REQ_CREDIT_BUREAU_QRT
AMT_REQ_CREDIT_BUREAU_YEAR,AMT_REQ_CREDIT_BUREAU_YEAR
DAYS_EMPLOYED_ANOM,DAYS_EMPLOYED_ANOM
APP_CREDIT_INCOME_RATIO,APP_CREDIT_INCOME_RATIO
APP_ANNUITY_INCOME_RATIO,APP_ANNUITY_INCOME_RATIO
APP_CREDIT_ANNUITY_RATIO,APP_CREDIT_ANNUITY_RATIO
APP_GOODS_CREDIT_RATIO,APP_GOODS_CREDIT_RATIO
APP_INCOME_PER_PERSON,APP_INCOME_PER_PERSON
APP_EMPLOYED_BIRTH_RATIO,APP_EMPLOYED_BIRTH_RATIO
APP_CAR_BIRTH_RATIO,APP_CAR_BIRTH_RATIO
APP_PHONE_BIRTH_RATIO,APP_PHONE_BIRTH_RATIO
APP_PHONE_EMPLOYED_RATIO,APP_PHONE_EMPLOYED_RATIO
APP_EXT_SOURCE_MEAN,APP_EXT_SOURCE_MEAN
APP_EXT_SOURCE_MAX,APP_EXT_SOURCE_MAX
APP_EXT_SOURCE_MIN,APP_EXT_SOURCE_MIN
APP_EXT_SOURCE_STD,APP_EXT_SOURCE_STD
APP_DOCUMENT_COUNT,APP_DOCUMENT_COUNT
APP_CONTACT_COUNT,APP_CONTACT_COUNT
APP_ADDRESS_MISMATCH_COUNT,APP_ADDRESS_MISMATCH_COUNT
APP_MISSING_COUNT,APP_MISSING_COUNT
APP_MISSING_RATIO,APP_MISSING_RATIO
BUREAU_SK_ID_BUREAU_NUNIQUE,BUREAU_SK_ID_BUREAU_NUNIQUE
BUREAU_DAYS_CREDIT_MIN,BUREAU_DAYS_CREDIT_MIN
BUREAU_DAYS_CREDIT_MAX,BUREAU_DAYS_CREDIT_MAX
BUREAU_DAYS_CREDIT_MEAN,BUREAU_DAYS_CREDIT_MEAN
BUREAU_DAYS_CREDIT_VAR,BUREAU_DAYS_CREDIT_VAR
BUREAU_DAYS_CREDIT_ENDDATE_MIN,BUREAU_DAYS_CREDIT_ENDDATE_MIN
BUREAU_DAYS_CREDIT_ENDDATE_MAX,BUREAU_DAYS_CREDIT_ENDDATE_MAX
BUREAU_DAYS_CREDIT_ENDDATE_MEAN,BUREAU_DAYS_CREDIT_ENDDATE_MEAN
BUREAU_DAYS_CREDIT_UPDATE_MIN,BUREAU_DAYS_CREDIT_UPDATE_MIN
BUREAU_DAYS_CREDIT_UPDATE_MAX,BUREAU_DAYS_CREDIT_UPDATE_MAX
BUREAU_DAYS_CREDIT_UPDATE_MEAN,BUREAU_DAYS_CREDIT_UPDATE_MEAN
BUREAU_CREDIT_DAY_OVERDUE_MAX,BUREAU_CREDIT_DAY_OVERDUE_MAX
BUREAU_CREDIT_DAY_OVERDUE_MEAN,BUREAU_CREDIT_DAY_OVERDUE_MEAN
BUREAU_CREDIT_DAY_OVERDUE_SUM,BUREAU_CREDIT_DAY_OVERDUE_SUM
BUREAU_AMT_CREDIT_MAX_OVERDUE_MAX,BUREAU_AMT_CREDIT_MAX_OVERDUE_MAX
BUREAU_AMT_CREDIT_MAX_OVERDUE_MEAN,BUREAU_AMT_CREDIT_MAX_OVERDUE_MEAN
BUREAU_AMT_CREDIT_SUM_MAX,BUREAU_AMT_CREDIT_SUM_MAX
BUREAU_AMT_CREDIT_SUM_MEAN,BUREAU_AMT_CREDIT_SUM_MEAN
BUREAU_AMT_CREDIT_SUM_SUM,BUREAU_AMT_CREDIT_SUM_SUM
BUREAU_AMT_CREDIT_SUM_DEBT_MAX,BUREAU_AMT_CREDIT_SUM_DEBT_MAX
BUREAU_AMT_CREDIT_SUM_DEBT_MEAN,BUREAU_AMT_CREDIT_SUM_DEBT_MEAN
BUREAU_AMT_CREDIT_SUM_DEBT_SUM,BUREAU_AMT_CREDIT_SUM_DEBT_SUM
BUREAU_AMT_CREDIT_SUM_OVERDUE_MAX,BUREAU_AMT_CREDIT_SUM_OVERDUE_MAX
BUREAU_AMT_CREDIT_SUM_OVERDUE_MEAN,BUREAU_AMT_CREDIT_SUM_OVERDUE_MEAN
BUREAU_AMT_CREDIT_SUM_OVERDUE_SUM,BUREAU_AMT_CREDIT_SUM_OVERDUE_SUM
BUREAU_AMT_CREDIT_SUM_LIMIT_MAX,BUREAU_AMT_CREDIT_SUM_LIMIT_MAX
BUREAU_AMT_CREDIT_SUM_LIMIT_MEAN,BUREAU_AMT_CREDIT_SUM_LIMIT_MEAN
BUREAU_AMT_CREDIT_SUM_LIMIT_SUM,BUREAU_AMT_CREDIT_SUM_LIMIT_SUM
BUREAU_AMT_ANNUITY_MAX,BUREAU_AMT_ANNUITY_MAX
BUREAU_AMT_ANNUITY_MEAN,BUREAU_AMT_ANNUITY_MEAN
BUREAU_CNT_CREDIT_PROLONG_SUM,BUREAU_CNT_CREDIT_PROLONG_SUM
BUREAU_CNT_CREDIT_PROLONG_MEAN,BUREAU_CNT_CREDIT_PROLONG_MEAN
BUREAU_BUREAU_DEBT_CREDIT_RATIO_RAW_MEAN,BUREAU_BUREAU_DEBT_CREDIT_RATIO_RAW_MEAN
BUREAU_BUREAU_DEBT_CREDIT_RATIO_RAW_MAX,BUREAU_BUREAU_DEBT_CREDIT_RATIO_RAW_MAX
BUREAU_BUREAU_OVERDUE_DEBT_RATIO_RAW_MEAN,BUREAU_BUREAU_OVERDUE_DEBT_RATIO_RAW_MEAN
BUREAU_BUREAU_OVERDUE_DEBT_RATIO_RAW_MAX,BUREAU_BUREAU_OVERDUE_DEBT_RATIO_RAW_MAX
BUREAU_BB_MONTHS_BALANCE_MIN_MEAN,BUREAU_BB_MONTHS_BALANCE_MIN_MEAN
BUREAU_BB_MONTHS_BALANCE_MAX_MEAN,BUREAU_BB_MONTHS_BALANCE_MAX_MEAN
BUREAU_BB_MONTHS_BALANCE_SIZE_MEAN,BUREAU_BB_MONTHS_BALANCE_SIZE_MEAN
BUREAU_BB_STATUS_BAD_FLAG_MEAN_MEAN,BUREAU_BB_STATUS_BAD_FLAG_MEAN_MEAN
BUREAU_BB_STATUS_BAD_FLAG_SUM_MEAN,BUREAU_BB_STATUS_BAD_FLAG_SUM_MEAN
BUREAU_BB_STATUS_ZERO_FLAG_MEAN_MEAN,BUREAU_BB_STATUS_ZERO_FLAG_MEAN_MEAN
BUREAU_BB_STATUS_C_FLAG_MEAN_MEAN,BUREAU_BB_STATUS_C_FLAG_MEAN_MEAN
BUREAU_BB_STATUS_X_FLAG_MEAN_MEAN,BUREAU_BB_STATUS_X_FLAG_MEAN_MEAN
BUREAU_BB_STATUS_0_MEAN_MEAN,BUREAU_BB_STATUS_0_MEAN_MEAN
BUREAU_BB_STATUS_1_MEAN_MEAN,BUREAU_BB_STATUS_1_MEAN_MEAN
BUREAU_BB_STATUS_2_MEAN_MEAN,BUREAU_BB_STATUS_2_MEAN_MEAN
BUREAU_BB_STATUS_3_MEAN_MEAN,BUREAU_BB_STATUS_3_MEAN_MEAN
BUREAU_BB_STATUS_4_MEAN_MEAN,BUREAU_BB_STATUS_4_MEAN_MEAN
BUREAU_BB_STATUS_5_MEAN_MEAN,BUREAU_BB_STATUS_5_MEAN_MEAN
BUREAU_BB_STATUS_C_MEAN_MEAN,BUREAU_BB_STATUS_C_MEAN_MEAN
BUREAU_BB_STATUS_X_MEAN_MEAN,BUREAU_BB_STATUS_X_MEAN_MEAN
BUREAU_CREDIT_ACTIVE_Active_MEAN,BUREAU_CREDIT_ACTIVE_Active_MEAN
BUREAU_CREDIT_ACTIVE_Bad debt_MEAN,BUREAU_CREDIT_ACTIVE_Bad_debt_MEAN
BUREAU_CREDIT_ACTIVE_Closed_MEAN,BUREAU_CREDIT_ACTIVE_Closed_MEAN
BUREAU_CREDIT_ACTIVE_Sold_MEAN,BUREAU_CREDIT_ACTIVE_Sold_MEAN
BUREAU_CREDIT_CURRENCY_currency 1_MEAN,BUREAU_CREDIT_CURRENCY_currency_1_MEAN
BUREAU_CREDIT_CURRENCY_currency 2_MEAN,BUREAU_CREDIT_CURRENCY_currency_2_MEAN
BUREAU_CREDIT_CURRENCY_currency 3_MEAN,BUREAU_CREDIT_CURRENCY_currency_3_MEAN
BUREAU_CREDIT_CURRENCY_currency 4_MEAN,BUREAU_CREDIT_CURRENCY_currency_4_MEAN
BUREAU_CREDIT_TYPE_Another type of loan_MEAN,BUREAU_CREDIT_TYPE_Another_type_of_loan_MEAN
BUREAU_CREDIT_TYPE_Car loan_MEAN,BUREAU_CREDIT_TYPE_Car_loan_MEAN
BUREAU_CREDIT_TYPE_Cash loan (non-earmarked)_MEAN,BUREAU_CREDIT_TYPE_Cash_loan_non_earmarked_MEAN
BUREAU_CREDIT_TYPE_Consumer credit_MEAN,BUREAU_CREDIT_TYPE_Consumer_credit_MEAN
BUREAU_CREDIT_TYPE_Credit card_MEAN,BUREAU_CREDIT_TYPE_Credit_card_MEAN
BUREAU_CREDIT_TYPE_Interbank credit_MEAN,BUREAU_CREDIT_TYPE_Interbank_credit_MEAN
BUREAU_CREDIT_TYPE_Loan for business development_MEAN,BUREAU_CREDIT_TYPE_Loan_for_business_development_MEAN
BUREAU_CREDIT_TYPE_Loan for purchase of shares (margin lending)_MEAN,BUREAU_CREDIT_TYPE_Loan_for_purchase_of_shares_margin_lending_MEAN
BUREAU_CREDIT_TYPE_Loan for the purchase of equipment_MEAN,BUREAU_CREDIT_TYPE_Loan_for_the_purchase_of_equipment_MEAN
BUREAU_CREDIT_TYPE_Loan for working capital replenishment_MEAN,BUREAU_CREDIT_TYPE_Loan_for_working_capital_replenishment_MEAN
BUREAU_CREDIT_TYPE_Microloan_MEAN,BUREAU_CREDIT_TYPE_Microloan_MEAN
BUREAU_CREDIT_TYPE_Mobile operator loan_MEAN,BUREAU_CREDIT_TYPE_Mobile_operator_loan_MEAN
BUREAU_CREDIT_TYPE_Mortgage_MEAN,BUREAU_CREDIT_TYPE_Mortgage_MEAN
BUREAU_CREDIT_TYPE_Real estate loan_MEAN,BUREAU_CREDIT_TYPE_Real_estate_loan_MEAN
BUREAU_CREDIT_TYPE_Unknown type of loan_MEAN,BUREAU_CREDIT_TYPE_Unknown_type_of_loan_MEAN
BUREAU_ACTIVE_AMT_CREDIT_SUM_SUM,BUREAU_ACTIVE_AMT_CREDIT_SUM_SUM
BUREAU_ACTIVE_AMT_CREDIT_SUM_MEAN,BUREAU_ACTIVE_AMT_CREDIT_SUM_MEAN
BUREAU_ACTIVE_AMT_CREDIT_SUM_DEBT_SUM,BUREAU_ACTIVE_AMT_CREDIT_SUM_DEBT_SUM
BUREAU_ACTIVE_AMT_CREDIT_SUM_DEBT_MEAN,BUREAU_ACTIVE_AMT_CREDIT_SUM_DEBT_MEAN
BUREAU_ACTIVE_AMT_CREDIT_SUM_OVERDUE_SUM,BUREAU_ACTIVE_AMT_CREDIT_SUM_OVERDUE_SUM
BUREAU_ACTIVE_AMT_CREDIT_SUM_OVERDUE_MEAN,BUREAU_ACTIVE_AMT_CREDIT_SUM_OVERDUE_MEAN
BUREAU_ACTIVE_DAYS_CREDIT_MIN,BUREAU_ACTIVE_DAYS_CREDIT_MIN
BUREAU_ACTIVE_DAYS_CREDIT_MAX,BUREAU_ACTIVE_DAYS_CREDIT_MAX
BUREAU_ACTIVE_DAYS_CREDIT_MEAN,BUREAU_ACTIVE_DAYS_CREDIT_MEAN
BUREAU_CLOSED_AMT_CREDIT_SUM_SUM,BUREAU_CLOSED_AMT_CREDIT_SUM_SUM
BUREAU_CLOSED_AMT_CREDIT_SUM_MEAN,BUREAU_CLOSED_AMT_CREDIT_SUM_MEAN
BUREAU_CLOSED_DAYS_CREDIT_MIN,BUREAU_CLOSED_DAYS_CREDIT_MIN
BUREAU_CLOSED_DAYS_CREDIT_MAX,BUREAU_CLOSED_DAYS_CREDIT_MAX
BUREAU_CLOSED_DAYS_CREDIT_MEAN,BUREAU_CLOSED_DAYS_CREDIT_MEAN
BUREAU_TOTAL_DEBT_CREDIT_RATIO,BUREAU_TOTAL_DEBT_CREDIT_RATIO
BUREAU_TOTAL_OVERDUE_DEBT_RATIO,BUREAU_TOTAL_OVERDUE_DEBT_RATIO
PREV_SK_ID_PREV_NUNIQUE,PREV_SK_ID_PREV_NUNIQUE
PREV_AMT_ANNUITY_MAX,PREV_AMT_ANNUITY_MAX
PREV_AMT_ANNUITY_MEAN,PREV_AMT_ANNUITY_MEAN
PREV_AMT_APPLICATION_MAX,PREV_AMT_APPLICATION_MAX
PREV_AMT_APPLICATION_MEAN,PREV_AMT_APPLICATION_MEAN
PREV_AMT_CREDIT_MAX,PREV_AMT_CREDIT_MAX
PREV_AMT_CREDIT_MEAN,PREV_AMT_CREDIT_MEAN
PREV_APP_CREDIT_PERC_MAX,PREV_APP_CREDIT_PERC_MAX
PREV_APP_CREDIT_PERC_MEAN,PREV_APP_CREDIT_PERC_MEAN
PREV_APP_CREDIT_PERC_VAR,PREV_APP_CREDIT_PERC_VAR
PREV_AMT_DOWN_PAYMENT_MAX,PREV_AMT_DOWN_PAYMENT_MAX
PREV_AMT_DOWN_PAYMENT_MEAN,PREV_AMT_DOWN_PAYMENT_MEAN
PREV_AMT_GOODS_PRICE_MAX,PREV_AMT_GOODS_PRICE_MAX
PREV_AMT_GOODS_PRICE_MEAN,PREV_AMT_GOODS_PRICE_MEAN
PREV_HOUR_APPR_PROCESS_START_MAX,PREV_HOUR_APPR_PROCESS_START_MAX
PREV_HOUR_APPR_PROCESS_START_MEAN,PREV_HOUR_APPR_PROCESS_START_MEAN
PREV_RATE_DOWN_PAYMENT_MAX,PREV_RATE_DOWN_PAYMENT_MAX
PREV_RATE_DOWN_PAYMENT_MEAN,PREV_RATE_DOWN_PAYMENT_MEAN
PREV_DAYS_DECISION_MIN,PREV_DAYS_DECISION_MIN
PREV_DAYS_DECISION_MAX,PREV_DAYS_DECISION_MAX
PREV_DAYS_DECISION_MEAN,PREV_DAYS_DECISION_MEAN
PREV_CNT_PAYMENT_MEAN,PREV_CNT_PAYMENT_MEAN
PREV_CNT_PAYMENT_SUM,PREV_CNT_PAYMENT_SUM
PREV_CREDIT_TO_ANNUITY_RATIO_MAX,PREV_CREDIT_TO_ANNUITY_RATIO_MAX
PREV_CREDIT_TO_ANNUITY_RATIO_MEAN,PREV_CREDIT_TO_ANNUITY_RATIO_MEAN
PREV_DOWN_PAYMENT_TO_CREDIT_MAX,PREV_DOWN_PAYMENT_TO_CREDIT_MAX
PREV_DOWN_PAYMENT_TO_CREDIT_MEAN,PREV_DOWN_PAYMENT_TO_CREDIT_MEAN
PREV_GOODS_TO_CREDIT_RATIO_MAX,PREV_GOODS_TO_CREDIT_RATIO_MAX
PREV_GOODS_TO_CREDIT_RATIO_MEAN,PREV_GOODS_TO_CREDIT_RATIO_MEAN
PREV_NAME_CONTRACT_TYPE_Cash loans_MEAN,PREV_NAME_CONTRACT_TYPE_Cash_loans_MEAN
PREV_NAME_CONTRACT_TYPE_Consumer loans_MEAN,PREV_NAME_CONTRACT_TYPE_Consumer_loans_MEAN
PREV_NAME_CONTRACT_TYPE_Revolving loans_MEAN,PREV_NAME_CONTRACT_TYPE_Revolving_loans_MEAN
PREV_NAME_CONTRACT_TYPE_XNA_MEAN,PREV_NAME_CONTRACT_TYPE_XNA_MEAN
PREV_WEEKDAY_APPR_PROCESS_START_FRIDAY_MEAN,PREV_WEEKDAY_APPR_PROCESS_START_FRIDAY_MEAN
PREV_WEEKDAY_APPR_PROCESS_START_MONDAY_MEAN,PREV_WEEKDAY_APPR_PROCESS_START_MONDAY_MEAN
PREV_WEEKDAY_APPR_PROCESS_START_SATURDAY_MEAN,PREV_WEEKDAY_APPR_PROCESS_START_SATURDAY_MEAN
PREV_WEEKDAY_APPR_PROCESS_START_SUNDAY_MEAN,PREV_WEEKDAY_APPR_PROCESS_START_SUNDAY_MEAN
PREV_WEEKDAY_APPR_PROCESS_START_THURSDAY_MEAN,PREV_WEEKDAY_APPR_PROCESS_START_THURSDAY_MEAN
PREV_WEEKDAY_APPR_PROCESS_START_TUESDAY_MEAN,PREV_WEEKDAY_APPR_PROCESS_START_TUESDAY_MEAN
PREV_WEEKDAY_APPR_PROCESS_START_WEDNESDAY_MEAN,PREV_WEEKDAY_APPR_PROCESS_START_WEDNESDAY_MEAN
PREV_FLAG_LAST_APPL_PER_CONTRACT_N_MEAN,PREV_FLAG_LAST_APPL_PER_CONTRACT_N_MEAN
PREV_FLAG_LAST_APPL_PER_CONTRACT_Y_MEAN,PREV_FLAG_LAST_APPL_PER_CONTRACT_Y_MEAN
PREV_NAME_CASH_LOAN_PURPOSE_Building a house or an annex_MEAN,PREV_NAME_CASH_LOAN_PURPOSE_Building_a_house_or_an_annex_MEAN
PREV_NAME_CASH_LOAN_PURPOSE_Business development_MEAN,PREV_NAME_CASH_LOAN_PURPOSE_Business_development_MEAN
PREV_NAME_CASH_LOAN_PURPOSE_Buying a garage_MEAN,PREV_NAME_CASH_LOAN_PURPOSE_Buying_a_garage_MEAN
PREV_NAME_CASH_LOAN_PURPOSE_Buying a holiday home / land_MEAN,PREV_NAME_CASH_LOAN_PURPOSE_Buying_a_holiday_home_land_MEAN
PREV_NAME_CASH_LOAN_PURPOSE_Buying a home_MEAN,PREV_NAME_CASH_LOAN_PURPOSE_Buying_a_home_MEAN
PREV_NAME_CASH_LOAN_PURPOSE_Buying a new car_MEAN,PREV_NAME_CASH_LOAN_PURPOSE_Buying_a_new_car_MEAN
PREV_NAME_CASH_LOAN_PURPOSE_Buying a used car_MEAN,PREV_NAME_CASH_LOAN_PURPOSE_Buying_a_used_car_MEAN
PREV_NAME_CASH_LOAN_PURPOSE_Car repairs_MEAN,PREV_NAME_CASH_LOAN_PURPOSE_Car_repairs_MEAN
PREV_NAME_CASH_LOAN_PURPOSE_Education_MEAN,PREV_NAME_CASH_LOAN_PURPOSE_Education_MEAN
PREV_NAME_CASH_LOAN_PURPOSE_Everyday expenses_MEAN,PREV_NAME_CASH_LOAN_PURPOSE_Everyday_expenses_MEAN
PREV_NAME_CASH_LOAN_PURPOSE_Furniture_MEAN,PREV_NAME_CASH_LOAN_PURPOSE_Furniture_MEAN
PREV_NAME_CASH_LOAN_PURPOSE_Gasification / water supply_MEAN,PREV_NAME_CASH_LOAN_PURPOSE_Gasification_water_supply_MEAN
PREV_NAME_CASH_LOAN_PURPOSE_Hobby_MEAN,PREV_NAME_CASH_LOAN_PURPOSE_Hobby_MEAN
PREV_NAME_CASH_LOAN_PURPOSE_Journey_MEAN,PREV_NAME_CASH_LOAN_PURPOSE_Journey_MEAN
PREV_NAME_CASH_LOAN_PURPOSE_Medicine_MEAN,PREV_NAME_CASH_LOAN_PURPOSE_Medicine_MEAN
PREV_NAME_CASH_LOAN_PURPOSE_Money for a third person_MEAN,PREV_NAME_CASH_LOAN_PURPOSE_Money_for_a_third_person_MEAN
PREV_NAME_CASH_LOAN_PURPOSE_Other_MEAN,PREV_NAME_CASH_LOAN_PURPOSE_Other_MEAN
PREV_NAME_CASH_LOAN_PURPOSE_Payments on other loans_MEAN,PREV_NAME_CASH_LOAN_PURPOSE_Payments_on_other_loans_MEAN
PREV_NAME_CASH_LOAN_PURPOSE_Purchase of electronic equipment_MEAN,PREV_NAME_CASH_LOAN_PURPOSE_Purchase_of_electronic_equipment_MEAN
PREV_NAME_CASH_LOAN_PURPOSE_Refusal to name the goal_MEAN,PREV_NAME_CASH_LOAN_PURPOSE_Refusal_to_name_the_goal_MEAN
PREV_NAME_CASH_LOAN_PURPOSE_Repairs_MEAN,PREV_NAME_CASH_LOAN_PURPOSE_Repairs_MEAN
PREV_NAME_CASH_LOAN_PURPOSE_Urgent needs_MEAN,PREV_NAME_CASH_LOAN_PURPOSE_Urgent_needs_MEAN
PREV_NAME_CASH_LOAN_PURPOSE_Wedding / gift / holiday_MEAN,PREV_NAME_CASH_LOAN_PURPOSE_Wedding_gift_holiday_MEAN
PREV_NAME_CASH_LOAN_PURPOSE_XAP_MEAN,PREV_NAME_CASH_LOAN_PURPOSE_XAP_MEAN
PREV_NAME_CASH_LOAN_PURPOSE_XNA_MEAN,PREV_NAME_CASH_LOAN_PURPOSE_XNA_MEAN
PREV_NAME_CONTRACT_STATUS_Approved_MEAN,PREV_NAME_CONTRACT_STATUS_Approved_MEAN
PREV_NAME_CONTRACT_STATUS_Canceled_MEAN,PREV_NAME_CONTRACT_STATUS_Canceled_MEAN
PREV_NAME_CONTRACT_STATUS_Refused_MEAN,PREV_NAME_CONTRACT_STATUS_Refused_MEAN
PREV_NAME_CONTRACT_STATUS_Unused offer_MEAN,PREV_NAME_CONTRACT_STATUS_Unused_offer_MEAN
PREV_NAME_PAYMENT_TYPE_Cash through the bank_MEAN,PREV_NAME_PAYMENT_TYPE_Cash_through_the_bank_MEAN
PREV_NAME_PAYMENT_TYPE_Cashless from the account of the employer_MEAN,PREV_NAME_PAYMENT_TYPE_Cashless_from_the_account_of_the_employer_MEAN
PREV_NAME_PAYMENT_TYPE_Non-cash from your account_MEAN,PREV_NAME_PAYMENT_TYPE_Non_cash_from_your_account_MEAN
PREV_NAME_PAYMENT_TYPE_XNA_MEAN,PREV_NAME_PAYMENT_TYPE_XNA_MEAN
PREV_CODE_REJECT_REASON_CLIENT_MEAN,PREV_CODE_REJECT_REASON_CLIENT_MEAN
PREV_CODE_REJECT_REASON_HC_MEAN,PREV_CODE_REJECT_REASON_HC_MEAN
PREV_CODE_REJECT_REASON_LIMIT_MEAN,PREV_CODE_REJECT_REASON_LIMIT_MEAN
PREV_CODE_REJECT_REASON_SCO_MEAN,PREV_CODE_REJECT_REASON_SCO_MEAN
PREV_CODE_REJECT_REASON_SCOFR_MEAN,PREV_CODE_REJECT_REASON_SCOFR_MEAN
PREV_CODE_REJECT_REASON_SYSTEM_MEAN,PREV_CODE_REJECT_REASON_SYSTEM_MEAN
PREV_CODE_REJECT_REASON_VERIF_MEAN,PREV_CODE_REJECT_REASON_VERIF_MEAN
PREV_CODE_REJECT_REASON_XAP_MEAN,PREV_CODE_REJECT_REASON_XAP_MEAN
PREV_CODE_REJECT_REASON_XNA_MEAN,PREV_CODE_REJECT_REASON_XNA_MEAN
PREV_NAME_TYPE_SUITE_Children_MEAN,PREV_NAME_TYPE_SUITE_Children_MEAN
PREV_NAME_TYPE_SUITE_Family_MEAN,PREV_NAME_TYPE_SUITE_Family_MEAN
PREV_NAME_TYPE_SUITE_Group of people_MEAN,PREV_NAME_TYPE_SUITE_Group_of_people_MEAN
PREV_NAME_TYPE_SUITE_Other_A_MEAN,PREV_NAME_TYPE_SUITE_Other_A_MEAN
PREV_NAME_TYPE_SUITE_Other_B_MEAN,PREV_NAME_TYPE_SUITE_Other_B_MEAN
"PREV_NAME_TYPE_SUITE_Spouse, partner_MEAN",PREV_NAME_TYPE_SUITE_Spouse_partner_MEAN
PREV_NAME_TYPE_SUITE_Unaccompanied_MEAN,PREV_NAME_TYPE_SUITE_Unaccompanied_MEAN
PREV_NAME_TYPE_SUITE_nan_MEAN,PREV_NAME_TYPE_SUITE_nan_MEAN
PREV_NAME_CLIENT_TYPE_New_MEAN,PREV_NAME_CLIENT_TYPE_New_MEAN
PREV_NAME_CLIENT_TYPE_Refreshed_MEAN,PREV_NAME_CLIENT_TYPE_Refreshed_MEAN
PREV_NAME_CLIENT_TYPE_Repeater_MEAN,PREV_NAME_CLIENT_TYPE_Repeater_MEAN
PREV_NAME_CLIENT_TYPE_XNA_MEAN,PREV_NAME_CLIENT_TYPE_XNA_MEAN
PREV_NAME_GOODS_CATEGORY_Additional Service_MEAN,PREV_NAME_GOODS_CATEGORY_Additional_Service_MEAN
PREV_NAME_GOODS_CATEGORY_Animals_MEAN,PREV_NAME_GOODS_CATEGORY_Animals_MEAN
PREV_NAME_GOODS_CATEGORY_Audio/Video_MEAN,PREV_NAME_GOODS_CATEGORY_Audio_Video_MEAN
PREV_NAME_GOODS_CATEGORY_Auto Accessories_MEAN,PREV_NAME_GOODS_CATEGORY_Auto_Accessories_MEAN
PREV_NAME_GOODS_CATEGORY_Clothing and Accessories_MEAN,PREV_NAME_GOODS_CATEGORY_Clothing_and_Accessories_MEAN
PREV_NAME_GOODS_CATEGORY_Computers_MEAN,PREV_NAME_GOODS_CATEGORY_Computers_MEAN
PREV_NAME_GOODS_CATEGORY_Construction Materials_MEAN,PREV_NAME_GOODS_CATEGORY_Construction_Materials_MEAN
PREV_NAME_GOODS_CATEGORY_Consumer Electronics_MEAN,PREV_NAME_GOODS_CATEGORY_Consumer_Electronics_MEAN
PREV_NAME_GOODS_CATEGORY_Direct Sales_MEAN,PREV_NAME_GOODS_CATEGORY_Direct_Sales_MEAN
PREV_NAME_GOODS_CATEGORY_Education_MEAN,PREV_NAME_GOODS_CATEGORY_Education_MEAN
PREV_NAME_GOODS_CATEGORY_Fitness_MEAN,PREV_NAME_GOODS_CATEGORY_Fitness_MEAN
PREV_NAME_GOODS_CATEGORY_Furniture_MEAN,PREV_NAME_GOODS_CATEGORY_Furniture_MEAN
PREV_NAME_GOODS_CATEGORY_Gardening_MEAN,PREV_NAME_GOODS_CATEGORY_Gardening_MEAN
PREV_NAME_GOODS_CATEGORY_Homewares_MEAN,PREV_NAME_GOODS_CATEGORY_Homewares_MEAN
PREV_NAME_GOODS_CATEGORY_Insurance_MEAN,PREV_NAME_GOODS_CATEGORY_Insurance_MEAN
PREV_NAME_GOODS_CATEGORY_Jewelry_MEAN,PREV_NAME_GOODS_CATEGORY_Jewelry_MEAN
PREV_NAME_GOODS_CATEGORY_Medical Supplies_MEAN,PREV_NAME_GOODS_CATEGORY_Medical_Supplies_MEAN
PREV_NAME_GOODS_CATEGORY_Medicine_MEAN,PREV_NAME_GOODS_CATEGORY_Medicine_MEAN
PREV_NAME_GOODS_CATEGORY_Mobile_MEAN,PREV_NAME_GOODS_CATEGORY_Mobile_MEAN
PREV_NAME_GOODS_CATEGORY_Office Appliances_MEAN,PREV_NAME_GOODS_CATEGORY_Office_Appliances_MEAN
PREV_NAME_GOODS_CATEGORY_Other_MEAN,PREV_NAME_GOODS_CATEGORY_Other_MEAN
PREV_NAME_GOODS_CATEGORY_Photo / Cinema Equipment_MEAN,PREV_NAME_GOODS_CATEGORY_Photo_Cinema_Equipment_MEAN
PREV_NAME_GOODS_CATEGORY_Sport and Leisure_MEAN,PREV_NAME_GOODS_CATEGORY_Sport_and_Leisure_MEAN
PREV_NAME_GOODS_CATEGORY_Tourism_MEAN,PREV_NAME_GOODS_CATEGORY_Tourism_MEAN
PREV_NAME_GOODS_CATEGORY_Vehicles_MEAN,PREV_NAME_GOODS_CATEGORY_Vehicles_MEAN
PREV_NAME_GOODS_CATEGORY_Weapon_MEAN,PREV_NAME_GOODS_CATEGORY_Weapon_MEAN
PREV_NAME_GOODS_CATEGORY_XNA_MEAN,PREV_NAME_GOODS_CATEGORY_XNA_MEAN
PREV_NAME_PORTFOLIO_Cards_MEAN,PREV_NAME_PORTFOLIO_Cards_MEAN
PREV_NAME_PORTFOLIO_Cars_MEAN,PREV_NAME_PORTFOLIO_Cars_MEAN
PREV_NAME_PORTFOLIO_Cash_MEAN,PREV_NAME_PORTFOLIO_Cash_MEAN
PREV_NAME_PORTFOLIO_POS_MEAN,PREV_NAME_PORTFOLIO_POS_MEAN
PREV_NAME_PORTFOLIO_XNA_MEAN,PREV_NAME_PORTFOLIO_XNA_MEAN
PREV_NAME_PRODUCT_TYPE_XNA_MEAN,PREV_NAME_PRODUCT_TYPE_XNA_MEAN
PREV_NAME_PRODUCT_TYPE_walk-in_MEAN,PREV_NAME_PRODUCT_TYPE_walk_in_MEAN
PREV_NAME_PRODUCT_TYPE_x-sell_MEAN,PREV_NAME_PRODUCT_TYPE_x_sell_MEAN
PREV_CHANNEL_TYPE_AP+ (Cash loan)_MEAN,PREV_CHANNEL_TYPE_AP_Cash_loan_MEAN
PREV_CHANNEL_TYPE_Car dealer_MEAN,PREV_CHANNEL_TYPE_Car_dealer_MEAN
PREV_CHANNEL_TYPE_Channel of corporate sales_MEAN,PREV_CHANNEL_TYPE_Channel_of_corporate_sales_MEAN
PREV_CHANNEL_TYPE_Contact center_MEAN,PREV_CHANNEL_TYPE_Contact_center_MEAN
PREV_CHANNEL_TYPE_Country-wide_MEAN,PREV_CHANNEL_TYPE_Country_wide_MEAN
PREV_CHANNEL_TYPE_Credit and cash offices_MEAN,PREV_CHANNEL_TYPE_Credit_and_cash_offices_MEAN
PREV_CHANNEL_TYPE_Regional / Local_MEAN,PREV_CHANNEL_TYPE_Regional_Local_MEAN
PREV_CHANNEL_TYPE_Stone_MEAN,PREV_CHANNEL_TYPE_Stone_MEAN
PREV_NAME_SELLER_INDUSTRY_Auto technology_MEAN,PREV_NAME_SELLER_INDUSTRY_Auto_technology_MEAN
PREV_NAME_SELLER_INDUSTRY_Clothing_MEAN,PREV_NAME_SELLER_INDUSTRY_Clothing_MEAN
PREV_NAME_SELLER_INDUSTRY_Connectivity_MEAN,PREV_NAME_SELLER_INDUSTRY_Connectivity_MEAN
PREV_NAME_SELLER_INDUSTRY_Construction_MEAN,PREV_NAME_SELLER_INDUSTRY_Construction_MEAN
PREV_NAME_SELLER_INDUSTRY_Consumer electronics_MEAN,PREV_NAME_SELLER_INDUSTRY_Consumer_electronics_MEAN
PREV_NAME_SELLER_INDUSTRY_Furniture_MEAN,PREV_NAME_SELLER_INDUSTRY_Furniture_MEAN
PREV_NAME_SELLER_INDUSTRY_Industry_MEAN,PREV_NAME_SELLER_INDUSTRY_Industry_MEAN
PREV_NAME_SELLER_INDUSTRY_Jewelry_MEAN,PREV_NAME_SELLER_INDUSTRY_Jewelry_MEAN
PREV_NAME_SELLER_INDUSTRY_MLM partners_MEAN,PREV_NAME_SELLER_INDUSTRY_MLM_partners_MEAN
PREV_NAME_SELLER_INDUSTRY_Tourism_MEAN,PREV_NAME_SELLER_INDUSTRY_Tourism_MEAN
PREV_NAME_SELLER_INDUSTRY_XNA_MEAN,PREV_NAME_SELLER_INDUSTRY_XNA_MEAN
PREV_NAME_YIELD_GROUP_XNA_MEAN,PREV_NAME_YIELD_GROUP_XNA_MEAN
PREV_NAME_YIELD_GROUP_high_MEAN,PREV_NAME_YIELD_GROUP_high_MEAN
PREV_NAME_YIELD_GROUP_low_action_MEAN,PREV_NAME_YIELD_GROUP_low_action_MEAN
PREV_NAME_YIELD_GROUP_low_normal_MEAN,PREV_NAME_YIELD_GROUP_low_normal_MEAN
PREV_NAME_YIELD_GROUP_middle_MEAN,PREV_NAME_YIELD_GROUP_middle_MEAN
PREV_PRODUCT_COMBINATION_Card Street_MEAN,PREV_PRODUCT_COMBINATION_Card_Street_MEAN
PREV_PRODUCT_COMBINATION_Card X-Sell_MEAN,PREV_PRODUCT_COMBINATION_Card_X_Sell_MEAN
PREV_PRODUCT_COMBINATION_Cash_MEAN,PREV_PRODUCT_COMBINATION_Cash_MEAN
PREV_PRODUCT_COMBINATION_Cash Street: high_MEAN,PREV_PRODUCT_COMBINATION_Cash_Street_high_MEAN
PREV_PRODUCT_COMBINATION_Cash Street: low_MEAN,PREV_PRODUCT_COMBINATION_Cash_Street_low_MEAN
PREV_PRODUCT_COMBINATION_Cash Street: middle_MEAN,PREV_PRODUCT_COMBINATION_Cash_Street_middle_MEAN
PREV_PRODUCT_COMBINATION_Cash X-Sell: high_MEAN,PREV_PRODUCT_COMBINATION_Cash_X_Sell_high_MEAN
PREV_PRODUCT_COMBINATION_Cash X-Sell: low_MEAN,PREV_PRODUCT_COMBINATION_Cash_X_Sell_low_MEAN
PREV_PRODUCT_COMBINATION_Cash X-Sell: middle_MEAN,PREV_PRODUCT_COMBINATION_Cash_X_Sell_middle_MEAN
PREV_PRODUCT_COMBINATION_POS household with interest_MEAN,PREV_PRODUCT_COMBINATION_POS_household_with_interest_MEAN
PREV_PRODUCT_COMBINATION_POS household without interest_MEAN,PREV_PRODUCT_COMBINATION_POS_household_without_interest_MEAN
PREV_PRODUCT_COMBINATION_POS industry with interest_MEAN,PREV_PRODUCT_COMBINATION_POS_industry_with_interest_MEAN
PREV_PRODUCT_COMBINATION_POS industry without interest_MEAN,PREV_PRODUCT_COMBINATION_POS_industry_without_interest_MEAN
PREV_PRODUCT_COMBINATION_POS mobile with interest_MEAN,PREV_PRODUCT_COMBINATION_POS_mobile_with_interest_MEAN
PREV_PRODUCT_COMBINATION_POS mobile without interest_MEAN,PREV_PRODUCT_COMBINATION_POS_mobile_without_interest_MEAN
PREV_PRODUCT_COMBINATION_POS other with interest_MEAN,PREV_PRODUCT_COMBINATION_POS_other_with_interest_MEAN
PREV_PRODUCT_COMBINATION_POS others without interest_MEAN,PREV_PRODUCT_COMBINATION_POS_others_without_interest_MEAN
PREV_PRODUCT_COMBINATION_nan_MEAN,PREV_PRODUCT_COMBINATION_nan_MEAN
APPROVED_SK_ID_PREV_NUNIQUE,APPROVED_SK_ID_PREV_NUNIQUE
APPROVED_AMT_APPLICATION_MAX,APPROVED_AMT_APPLICATION_MAX
APPROVED_AMT_APPLICATION_MEAN,APPROVED_AMT_APPLICATION_MEAN
APPROVED_AMT_CREDIT_MAX,APPROVED_AMT_CREDIT_MAX
APPROVED_AMT_CREDIT_MEAN,APPROVED_AMT_CREDIT_MEAN
APPROVED_APP_CREDIT_PERC_MAX,APPROVED_APP_CREDIT_PERC_MAX
APPROVED_APP_CREDIT_PERC_MEAN,APPROVED_APP_CREDIT_PERC_MEAN
APPROVED_DAYS_DECISION_MIN,APPROVED_DAYS_DECISION_MIN
APPROVED_DAYS_DECISION_MEAN,APPROVED_DAYS_DECISION_MEAN
APPROVED_CNT_PAYMENT_MEAN,APPROVED_CNT_PAYMENT_MEAN
APPROVED_CNT_PAYMENT_SUM,APPROVED_CNT_PAYMENT_SUM
REFUSED_SK_ID_PREV_NUNIQUE,REFUSED_SK_ID_PREV_NUNIQUE
REFUSED_AMT_APPLICATION_MAX,REFUSED_AMT_APPLICATION_MAX
REFUSED_AMT_APPLICATION_MEAN,REFUSED_AMT_APPLICATION_MEAN
REFUSED_AMT_CREDIT_MAX,REFUSED_AMT_CREDIT_MAX
REFUSED_AMT_CREDIT_MEAN,REFUSED_AMT_CREDIT_MEAN
REFUSED_APP_CREDIT_PERC_MAX,REFUSED_APP_CREDIT_PERC_MAX
REFUSED_APP_CREDIT_PERC_MEAN,REFUSED_APP_CREDIT_PERC_MEAN
REFUSED_DAYS_DECISION_MIN,REFUSED_DAYS_DECISION_MIN
REFUSED_DAYS_DECISION_MEAN,REFUSED_DAYS_DECISION_MEAN
INS_SK_ID_PREV_NUNIQUE,INS_SK_ID_PREV_NUNIQUE
INS_NUM_INSTALMENT_VERSION_NUNIQUE,INS_NUM_INSTALMENT_VERSION_NUNIQUE
INS_DAYS_INSTALMENT_MIN,INS_DAYS_INSTALMENT_MIN
INS_DAYS_INSTALMENT_MAX,INS_DAYS_INSTALMENT_MAX
INS_DAYS_INSTALMENT_MEAN,INS_DAYS_INSTALMENT_MEAN
INS_DAYS_ENTRY_PAYMENT_MIN,INS_DAYS_ENTRY_PAYMENT_MIN
INS_DAYS_ENTRY_PAYMENT_MAX,INS_DAYS_ENTRY_PAYMENT_MAX
INS_DAYS_ENTRY_PAYMENT_MEAN,INS_DAYS_ENTRY_PAYMENT_MEAN
INS_AMT_INSTALMENT_MAX,INS_AMT_INSTALMENT_MAX
INS_AMT_INSTALMENT_MEAN,INS_AMT_INSTALMENT_MEAN
INS_AMT_INSTALMENT_SUM,INS_AMT_INSTALMENT_SUM
INS_AMT_PAYMENT_MIN,INS_AMT_PAYMENT_MIN
INS_AMT_PAYMENT_MAX,INS_AMT_PAYMENT_MAX
INS_AMT_PAYMENT_MEAN,INS_AMT_PAYMENT_MEAN
INS_AMT_PAYMENT_SUM,INS_AMT_PAYMENT_SUM
INS_PAY_PERC_MAX,INS_PAY_PERC_MAX
INS_PAY_PERC_MEAN,INS_PAY_PERC_MEAN
INS_PAY_PERC_VAR,INS_PAY_PERC_VAR
INS_PAY_DIFF_MAX,INS_PAY_DIFF_MAX
INS_PAY_DIFF_MEAN,INS_PAY_DIFF_MEAN
INS_PAY_DIFF_SUM,INS_PAY_DIFF_SUM
INS_PAY_DIFF_VAR,INS_PAY_DIFF_VAR
INS_DPD_MAX,INS_DPD_MAX
INS_DPD_MEAN,INS_DPD_MEAN
INS_DPD_SUM,INS_DPD_SUM
INS_DBD_MAX,INS_DBD_MAX
INS_DBD_MEAN,INS_DBD_MEAN
INS_DBD_SUM,INS_DBD_SUM
INS_LATE_PAYMENT_FLAG_MEAN,INS_LATE_PAYMENT_FLAG_MEAN
INS_LATE_PAYMENT_FLAG_SUM,INS_LATE_PAYMENT_FLAG_SUM
INS_UNDERPAY_FLAG_MEAN,INS_UNDERPAY_FLAG_MEAN
INS_UNDERPAY_FLAG_SUM,INS_UNDERPAY_FLAG_SUM
INS_LAST365_AMT_PAYMENT_MEAN,INS_LAST365_AMT_PAYMENT_MEAN
INS_LAST365_AMT_PAYMENT_SUM,INS_LAST365_AMT_PAYMENT_SUM
INS_LAST365_PAY_PERC_MEAN,INS_LAST365_PAY_PERC_MEAN
INS_LAST365_PAY_PERC_MAX,INS_LAST365_PAY_PERC_MAX
INS_LAST365_PAY_DIFF_MEAN,INS_LAST365_PAY_DIFF_MEAN
INS_LAST365_PAY_DIFF_SUM,INS_LAST365_PAY_DIFF_SUM
INS_LAST365_DPD_MEAN,INS_LAST365_DPD_MEAN
INS_LAST365_DPD_MAX,INS_LAST365_DPD_MAX
INS_LAST365_DPD_SUM,INS_LAST365_DPD_SUM
INS_LAST365_LATE_PAYMENT_FLAG_MEAN,INS_LAST365_LATE_PAYMENT_FLAG_MEAN
INS_LAST365_LATE_PAYMENT_FLAG_SUM,INS_LAST365_LATE_PAYMENT_FLAG_SUM
POS_SK_ID_PREV_NUNIQUE,POS_SK_ID_PREV_NUNIQUE
POS_MONTHS_BALANCE_MIN,POS_MONTHS_BALANCE_MIN
POS_MONTHS_BALANCE_MAX,POS_MONTHS_BALANCE_MAX
POS_MONTHS_BALANCE_SIZE,POS_MONTHS_BALANCE_SIZE
POS_CNT_INSTALMENT_MAX,POS_CNT_INSTALMENT_MAX
POS_CNT_INSTALMENT_MEAN,POS_CNT_INSTALMENT_MEAN
POS_CNT_INSTALMENT_SUM,POS_CNT_INSTALMENT_SUM
POS_CNT_INSTALMENT_FUTURE_MAX,POS_CNT_INSTALMENT_FUTURE_MAX
POS_CNT_INSTALMENT_FUTURE_MEAN,POS_CNT_INSTALMENT_FUTURE_MEAN
POS_CNT_INSTALMENT_FUTURE_SUM,POS_CNT_INSTALMENT_FUTURE_SUM
POS_SK_DPD_MAX,POS_SK_DPD_MAX
POS_SK_DPD_MEAN,POS_SK_DPD_MEAN
POS_SK_DPD_SUM,POS_SK_DPD_SUM
POS_SK_DPD_DEF_MAX,POS_SK_DPD_DEF_MAX
POS_SK_DPD_DEF_MEAN,POS_SK_DPD_DEF_MEAN
POS_SK_DPD_DEF_SUM,POS_SK_DPD_DEF_SUM
POS_POS_LATE_FLAG_MEAN,POS_POS_LATE_FLAG_MEAN
POS_POS_LATE_FLAG_SUM,POS_POS_LATE_FLAG_SUM
POS_NAME_CONTRACT_STATUS_Active_MEAN,POS_NAME_CONTRACT_STATUS_Active_MEAN
POS_NAME_CONTRACT_STATUS_Amortized debt_MEAN,POS_NAME_CONTRACT_STATUS_Amortized_debt_MEAN
POS_NAME_CONTRACT_STATUS_Approved_MEAN,POS_NAME_CONTRACT_STATUS_Approved_MEAN
POS_NAME_CONTRACT_STATUS_Canceled_MEAN,POS_NAME_CONTRACT_STATUS_Canceled_MEAN
POS_NAME_CONTRACT_STATUS_Completed_MEAN,POS_NAME_CONTRACT_STATUS_Completed_MEAN
POS_NAME_CONTRACT_STATUS_Demand_MEAN,POS_NAME_CONTRACT_STATUS_Demand_MEAN
POS_NAME_CONTRACT_STATUS_Returned to the store_MEAN,POS_NAME_CONTRACT_STATUS_Returned_to_the_store_MEAN
POS_NAME_CONTRACT_STATUS_Signed_MEAN,POS_NAME_CONTRACT_STATUS_Signed_MEAN
POS_NAME_CONTRACT_STATUS_XNA_MEAN,POS_NAME_CONTRACT_STATUS_XNA_MEAN
CC_SK_ID_PREV_NUNIQUE,CC_SK_ID_PREV_NUNIQUE
CC_MONTHS_BALANCE_MIN,CC_MONTHS_BALANCE_MIN
CC_MONTHS_BALANCE_MAX,CC_MONTHS_BALANCE_MAX
CC_MONTHS_BALANCE_SIZE,CC_MONTHS_BALANCE_SIZE
CC_AMT_BALANCE_MAX,CC_AMT_BALANCE_MAX
CC_AMT_BALANCE_MEAN,CC_AMT_BALANCE_MEAN
CC_AMT_BALANCE_SUM,CC_AMT_BALANCE_SUM
CC_AMT_CREDIT_LIMIT_ACTUAL_MAX,CC_AMT_CREDIT_LIMIT_ACTUAL_MAX
CC_AMT_CREDIT_LIMIT_ACTUAL_MEAN,CC_AMT_CREDIT_LIMIT_ACTUAL_MEAN
CC_AMT_DRAWINGS_ATM_CURRENT_MAX,CC_AMT_DRAWINGS_ATM_CURRENT_MAX
CC_AMT_DRAWINGS_ATM_CURRENT_MEAN,CC_AMT_DRAWINGS_ATM_CURRENT_MEAN
CC_AMT_DRAWINGS_ATM_CURRENT_SUM,CC_AMT_DRAWINGS_ATM_CURRENT_SUM
CC_AMT_DRAWINGS_CURRENT_MAX,CC_AMT_DRAWINGS_CURRENT_MAX
CC_AMT_DRAWINGS_CURRENT_MEAN,CC_AMT_DRAWINGS_CURRENT_MEAN
CC_AMT_DRAWINGS_CURRENT_SUM,CC_AMT_DRAWINGS_CURRENT_SUM
CC_AMT_DRAWINGS_POS_CURRENT_MAX,CC_AMT_DRAWINGS_POS_CURRENT_MAX
CC_AMT_DRAWINGS_POS_CURRENT_MEAN,CC_AMT_DRAWINGS_POS_CURRENT_MEAN
CC_AMT_DRAWINGS_POS_CURRENT_SUM,CC_AMT_DRAWINGS_POS_CURRENT_SUM
CC_AMT_INST_MIN_REGULARITY_MAX,CC_AMT_INST_MIN_REGULARITY_MAX
CC_AMT_INST_MIN_REGULARITY_MEAN,CC_AMT_INST_MIN_REGULARITY_MEAN
CC_AMT_PAYMENT_CURRENT_MAX,CC_AMT_PAYMENT_CURRENT_MAX
CC_AMT_PAYMENT_CURRENT_MEAN,CC_AMT_PAYMENT_CURRENT_MEAN
CC_AMT_PAYMENT_CURRENT_SUM,CC_AMT_PAYMENT_CURRENT_SUM
CC_AMT_PAYMENT_TOTAL_CURRENT_MAX,CC_AMT_PAYMENT_TOTAL_CURRENT_MAX
CC_AMT_PAYMENT_TOTAL_CURRENT_MEAN,CC_AMT_PAYMENT_TOTAL_CURRENT_MEAN
CC_AMT_PAYMENT_TOTAL_CURRENT_SUM,CC_AMT_PAYMENT_TOTAL_CURRENT_SUM
CC_AMT_RECEIVABLE_PRINCIPAL_MAX,CC_AMT_RECEIVABLE_PRINCIPAL_MAX
CC_AMT_RECEIVABLE_PRINCIPAL_MEAN,CC_AMT_RECEIVABLE_PRINCIPAL_MEAN
CC_AMT_RECEIVABLE_PRINCIPAL_SUM,CC_AMT_RECEIVABLE_PRINCIPAL_SUM
CC_AMT_TOTAL_RECEIVABLE_MAX,CC_AMT_TOTAL_RECEIVABLE_MAX
CC_AMT_TOTAL_RECEIVABLE_MEAN,CC_AMT_TOTAL_RECEIVABLE_MEAN
CC_AMT_TOTAL_RECEIVABLE_SUM,CC_AMT_TOTAL_RECEIVABLE_SUM
CC_CNT_DRAWINGS_ATM_CURRENT_MAX,CC_CNT_DRAWINGS_ATM_CURRENT_MAX
CC_CNT_DRAWINGS_ATM_CURRENT_MEAN,CC_CNT_DRAWINGS_ATM_CURRENT_MEAN
CC_CNT_DRAWINGS_ATM_CURRENT_SUM,CC_CNT_DRAWINGS_ATM_CURRENT_SUM
CC_CNT_DRAWINGS_CURRENT_MAX,CC_CNT_DRAWINGS_CURRENT_MAX
CC_CNT_DRAWINGS_CURRENT_MEAN,CC_CNT_DRAWINGS_CURRENT_MEAN
CC_CNT_DRAWINGS_CURRENT_SUM,CC_CNT_DRAWINGS_CURRENT_SUM
CC_CNT_DRAWINGS_POS_CURRENT_MAX,CC_CNT_DRAWINGS_POS_CURRENT_MAX
CC_CNT_DRAWINGS_POS_CURRENT_MEAN,CC_CNT_DRAWINGS_POS_CURRENT_MEAN
CC_CNT_DRAWINGS_POS_CURRENT_SUM,CC_CNT_DRAWINGS_POS_CURRENT_SUM
CC_CNT_INSTALMENT_MATURE_CUM_MAX,CC_CNT_INSTALMENT_MATURE_CUM_MAX
CC_CNT_INSTALMENT_MATURE_CUM_MEAN,CC_CNT_INSTALMENT_MATURE_CUM_MEAN
CC_SK_DPD_MAX,CC_SK_DPD_MAX
CC_SK_DPD_MEAN,CC_SK_DPD_MEAN
CC_SK_DPD_SUM,CC_SK_DPD_SUM
CC_SK_DPD_DEF_MAX,CC_SK_DPD_DEF_MAX
CC_SK_DPD_DEF_MEAN,CC_SK_DPD_DEF_MEAN
CC_SK_DPD_DEF_SUM,CC_SK_DPD_DEF_SUM
CC_BALANCE_LIMIT_RATIO_MAX,CC_BALANCE_LIMIT_RATIO_MAX
CC_BALANCE_LIMIT_RATIO_MEAN,CC_BALANCE_LIMIT_RATIO_MEAN
CC_DRAWING_LIMIT_RATIO_MAX,CC_DRAWING_LIMIT_RATIO_MAX
CC_DRAWING_LIMIT_RATIO_MEAN,CC_DRAWING_LIMIT_RATIO_MEAN
CC_PAYMENT_MIN_RATIO_MAX,CC_PAYMENT_MIN_RATIO_MAX
CC_PAYMENT_MIN_RATIO_MEAN,CC_PAYMENT_MIN_RATIO_MEAN
CC_PAYMENT_TOTAL_RATIO_MAX,CC_PAYMENT_TOTAL_RATIO_MAX
CC_PAYMENT_TOTAL_RATIO_MEAN,CC_PAYMENT_TOTAL_RATIO_MEAN
CC_RECEIVABLE_LIMIT_RATIO_MAX,CC_RECEIVABLE_LIMIT_RATIO_MAX
CC_RECEIVABLE_LIMIT_RATIO_MEAN,CC_RECEIVABLE_LIMIT_RATIO_MEAN
CC_CC_LATE_FLAG_MEAN,CC_CC_LATE_FLAG_MEAN
CC_CC_LATE_FLAG_SUM,CC_CC_LATE_FLAG_SUM
CC_NAME_CONTRACT_STATUS_Active_MEAN,CC_NAME_CONTRACT_STATUS_Active_MEAN
CC_NAME_CONTRACT_STATUS_Approved_MEAN,CC_NAME_CONTRACT_STATUS_Approved_MEAN
CC_NAME_CONTRACT_STATUS_Completed_MEAN,CC_NAME_CONTRACT_STATUS_Completed_MEAN
CC_NAME_CONTRACT_STATUS_Demand_MEAN,CC_NAME_CONTRACT_STATUS_Demand_MEAN
CC_NAME_CONTRACT_STATUS_Refused_MEAN,CC_NAME_CONTRACT_STATUS_Refused_MEAN
CC_NAME_CONTRACT_STATUS_Sent proposal_MEAN,CC_NAME_CONTRACT_STATUS_Sent_proposal_MEAN
CC_NAME_CONTRACT_STATUS_Signed_MEAN,CC_NAME_CONTRACT_STATUS_Signed_MEAN
HAS_BUREAU_HISTORY,HAS_BUREAU_HISTORY
BUREAU_NON_NULL_RATIO,BUREAU_NON_NULL_RATIO
HAS_PREV_HISTORY,HAS_PREV_HISTORY
PREV_NON_NULL_RATIO,PREV_NON_NULL_RATIO
HAS_APPROVED_HISTORY,HAS_APPROVED_HISTORY
APPROVED_NON_NULL_RATIO,APPROVED_NON_NULL_RATIO
HAS_REFUSED_HISTORY,HAS_REFUSED_HISTORY
REFUSED_NON_NULL_RATIO,REFUSED_NON_NULL_RATIO
HAS_POS_HISTORY,HAS_POS_HISTORY
POS_NON_NULL_RATIO,POS_NON_NULL_RATIO
HAS_CC_HISTORY,HAS_CC_HISTORY
CC_NON_NULL_RATIO,CC_NON_NULL_RATIO
HAS_INS_HISTORY,HAS_INS_HISTORY
INS_NON_NULL_RATIO,INS_NON_NULL_RATIO
AMT_REQ_CREDIT_BUREAU_DAY_MISSING_FLAG,AMT_REQ_CREDIT_BUREAU_DAY_MISSING_FLAG
AMT_REQ_CREDIT_BUREAU_HOUR_MISSING_FLAG,AMT_REQ_CREDIT_BUREAU_HOUR_MISSING_FLAG
AMT_REQ_CREDIT_BUREAU_MON_MISSING_FLAG,AMT_REQ_CREDIT_BUREAU_MON_MISSING_FLAG
AMT_REQ_CREDIT_BUREAU_QRT_MISSING_FLAG,AMT_REQ_CREDIT_BUREAU_QRT_MISSING_FLAG
AMT_REQ_CREDIT_BUREAU_WEEK_MISSING_FLAG,AMT_REQ_CREDIT_BUREAU_WEEK_MISSING_FLAG
AMT_REQ_CREDIT_BUREAU_YEAR_MISSING_FLAG,AMT_REQ_CREDIT_BUREAU_YEAR_MISSING_FLAG
APARTMENTS_AVG_MISSING_FLAG,APARTMENTS_AVG_MISSING_FLAG
APARTMENTS_MEDI_MISSING_FLAG,APARTMENTS_MEDI_MISSING_FLAG
APARTMENTS_MODE_MISSING_FLAG,APARTMENTS_MODE_MISSING_FLAG
APP_CAR_BIRTH_RATIO_MISSING_FLAG,APP_CAR_BIRTH_RATIO_MISSING_FLAG
APP_EMPLOYED_BIRTH_RATIO_MISSING_FLAG,APP_EMPLOYED_BIRTH_RATIO_MISSING_FLAG
APP_EXT_SOURCE_STD_MISSING_FLAG,APP_EXT_SOURCE_STD_MISSING_FLAG
APP_PHONE_EMPLOYED_RATIO_MISSING_FLAG,APP_PHONE_EMPLOYED_RATIO_MISSING_FLAG
BASEMENTAREA_AVG_MISSING_FLAG,BASEMENTAREA_AVG_MISSING_FLAG
BASEMENTAREA_MEDI_MISSING_FLAG,BASEMENTAREA_MEDI_MISSING_FLAG
BASEMENTAREA_MODE_MISSING_FLAG,BASEMENTAREA_MODE_MISSING_FLAG
COMMONAREA_AVG_MISSING_FLAG,COMMONAREA_AVG_MISSING_FLAG
COMMONAREA_MEDI_MISSING_FLAG,COMMONAREA_MEDI_MISSING_FLAG
COMMONAREA_MODE_MISSING_FLAG,COMMONAREA_MODE_MISSING_FLAG
DAYS_EMPLOYED_MISSING_FLAG,DAYS_EMPLOYED_MISSING_FLAG
ELEVATORS_AVG_MISSING_FLAG,ELEVATORS_AVG_MISSING_FLAG
ELEVATORS_MEDI_MISSING_FLAG,ELEVATORS_MEDI_MISSING_FLAG
ELEVATORS_MODE_MISSING_FLAG,ELEVATORS_MODE_MISSING_FLAG
EMERGENCYSTATE_MODE_MISSING_FLAG,EMERGENCYSTATE_MODE_MISSING_FLAG
ENTRANCES_AVG_MISSING_FLAG,ENTRANCES_AVG_MISSING_FLAG
ENTRANCES_MEDI_MISSING_FLAG,ENTRANCES_MEDI_MISSING_FLAG
ENTRANCES_MODE_MISSING_FLAG,ENTRANCES_MODE_MISSING_FLAG
EXT_SOURCE_1_MISSING_FLAG,EXT_SOURCE_1_MISSING_FLAG
EXT_SOURCE_3_MISSING_FLAG,EXT_SOURCE_3_MISSING_FLAG
FLOORSMAX_AVG_MISSING_FLAG,FLOORSMAX_AVG_MISSING_FLAG
FLOORSMAX_MEDI_MISSING_FLAG,FLOORSMAX_MEDI_MISSING_FLAG
FLOORSMAX_MODE_MISSING_FLAG,FLOORSMAX_MODE_MISSING_FLAG
FLOORSMIN_AVG_MISSING_FLAG,FLOORSMIN_AVG_MISSING_FLAG
FLOORSMIN_MEDI_MISSING_FLAG,FLOORSMIN_MEDI_MISSING_FLAG
FLOORSMIN_MODE_MISSING_FLAG,FLOORSMIN_MODE_MISSING_FLAG
FONDKAPREMONT_MODE_MISSING_FLAG,FONDKAPREMONT_MODE_MISSING_FLAG
HOUSETYPE_MODE_MISSING_FLAG,HOUSETYPE_MODE_MISSING_FLAG
LANDAREA_AVG_MISSING_FLAG,LANDAREA_AVG_MISSING_FLAG
LANDAREA_MEDI_MISSING_FLAG,LANDAREA_MEDI_MISSING_FLAG
LANDAREA_MODE_MISSING_FLAG,LANDAREA_MODE_MISSING_FLAG
LIVINGAPARTMENTS_AVG_MISSING_FLAG,LIVINGAPARTMENTS_AVG_MISSING_FLAG
LIVINGAPARTMENTS_MEDI_MISSING_FLAG,LIVINGAPARTMENTS_MEDI_MISSING_FLAG
LIVINGAPARTMENTS_MODE_MISSING_FLAG,LIVINGAPARTMENTS_MODE_MISSING_FLAG
LIVINGAREA_AVG_MISSING_FLAG,LIVINGAREA_AVG_MISSING_FLAG
LIVINGAREA_MEDI_MISSING_FLAG,LIVINGAREA_MEDI_MISSING_FLAG
LIVINGAREA_MODE_MISSING_FLAG,LIVINGAREA_MODE_MISSING_FLAG
NONLIVINGAPARTMENTS_AVG_MISSING_FLAG,NONLIVINGAPARTMENTS_AVG_MISSING_FLAG
NONLIVINGAPARTMENTS_MEDI_MISSING_FLAG,NONLIVINGAPARTMENTS_MEDI_MISSING_FLAG
NONLIVINGAPARTMENTS_MODE_MISSING_FLAG,NONLIVINGAPARTMENTS_MODE_MISSING_FLAG
NONLIVINGAREA_AVG_MISSING_FLAG,NONLIVINGAREA_AVG_MISSING_FLAG
NONLIVINGAREA_MEDI_MISSING_FLAG,NONLIVINGAREA_MEDI_MISSING_FLAG
NONLIVINGAREA_MODE_MISSING_FLAG,NONLIVINGAREA_MODE_MISSING_FLAG
OCCUPATION_TYPE_MISSING_FLAG,OCCUPATION_TYPE_MISSING_FLAG
OWN_CAR_AGE_MISSING_FLAG,OWN_CAR_AGE_MISSING_FLAG
TOTALAREA_MODE_MISSING_FLAG,TOTALAREA_MODE_MISSING_FLAG
WALLSMATERIAL_MODE_MISSING_FLAG,WALLSMATERIAL_MODE_MISSING_FLAG
YEARS_BEGINEXPLUATATION_AVG_MISSING_FLAG,YEARS_BEGINEXPLUATATION_AVG_MISSING_FLAG
YEARS_BEGINEXPLUATATION_MEDI_MISSING_FLAG,YEARS_BEGINEXPLUATATION_MEDI_MISSING_FLAG
YEARS_BEGINEXPLUATATION_MODE_MISSING_FLAG,YEARS_BEGINEXPLUATATION_MODE_MISSING_FLAG
YEARS_BUILD_AVG_MISSING_FLAG,YEARS_BUILD_AVG_MISSING_FLAG
YEARS_BUILD_MEDI_MISSING_FLAG,YEARS_BUILD_MEDI_MISSING_FLAG
YEARS_BUILD_MODE_MISSING_FLAG,YEARS_BUILD_MODE_MISSING_FLAG
BUREAU_AMT_CREDIT_MAX_OVERDUE_MAX_LOG1P,BUREAU_AMT_CREDIT_MAX_OVERDUE_MAX_LOG1P
BUREAU_AMT_CREDIT_MAX_OVERDUE_MEAN_LOG1P,BUREAU_AMT_CREDIT_MAX_OVERDUE_MEAN_LOG1P
BUREAU_BB_STATUS_1_MEAN_MEAN_LOG1P,BUREAU_BB_STATUS_1_MEAN_MEAN_LOG1P
BUREAU_BB_STATUS_BAD_FLAG_MEAN_MEAN_LOG1P,BUREAU_BB_STATUS_BAD_FLAG_MEAN_MEAN_LOG1P
BUREAU_BB_STATUS_BAD_FLAG_SUM_MEAN_LOG1P,BUREAU_BB_STATUS_BAD_FLAG_SUM_MEAN_LOG1P
BUREAU_CREDIT_TYPE_Credit card_MEAN_LOG1P,BUREAU_CREDIT_TYPE_Credit_card_MEAN_LOG1P
CC_AMT_BALANCE_MAX_LOG1P,CC_AMT_BALANCE_MAX_LOG1P
CC_AMT_DRAWINGS_ATM_CURRENT_SUM_LOG1P,CC_AMT_DRAWINGS_ATM_CURRENT_SUM_LOG1P
CC_AMT_DRAWINGS_CURRENT_MAX_LOG1P,CC_AMT_DRAWINGS_CURRENT_MAX_LOG1P
CC_AMT_DRAWINGS_POS_CURRENT_MAX_LOG1P,CC_AMT_DRAWINGS_POS_CURRENT_MAX_LOG1P
CC_AMT_DRAWINGS_POS_CURRENT_MEAN_LOG1P,CC_AMT_DRAWINGS_POS_CURRENT_MEAN_LOG1P
CC_AMT_DRAWINGS_POS_CURRENT_SUM_LOG1P,CC_AMT_DRAWINGS_POS_CURRENT_SUM_LOG1P
CC_AMT_INST_MIN_REGULARITY_MAX_LOG1P,CC_AMT_INST_MIN_REGULARITY_MAX_LOG1P
CC_AMT_INST_MIN_REGULARITY_MEAN_LOG1P,CC_AMT_INST_MIN_REGULARITY_MEAN_LOG1P
CC_AMT_PAYMENT_TOTAL_CURRENT_MAX_LOG1P,CC_AMT_PAYMENT_TOTAL_CURRENT_MAX_LOG1P
CC_AMT_PAYMENT_TOTAL_CURRENT_MEAN_LOG1P,CC_AMT_PAYMENT_TOTAL_CURRENT_MEAN_LOG1P
CC_AMT_PAYMENT_TOTAL_CURRENT_SUM_LOG1P,CC_AMT_PAYMENT_TOTAL_CURRENT_SUM_LOG1P
CC_AMT_RECEIVABLE_PRINCIPAL_MAX_LOG1P,CC_AMT_RECEIVABLE_PRINCIPAL_MAX_LOG1P
CC_AMT_TOTAL_RECEIVABLE_MAX_LOG1P,CC_AMT_TOTAL_RECEIVABLE_MAX_LOG1P
CC_CNT_DRAWINGS_ATM_CURRENT_SUM_LOG1P,CC_CNT_DRAWINGS_ATM_CURRENT_SUM_LOG1P
CC_CNT_DRAWINGS_CURRENT_MAX_LOG1P,CC_CNT_DRAWINGS_CURRENT_MAX_LOG1P
CC_CNT_DRAWINGS_CURRENT_MEAN_LOG1P,CC_CNT_DRAWINGS_CURRENT_MEAN_LOG1P
CC_CNT_DRAWINGS_CURRENT_SUM_LOG1P,CC_CNT_DRAWINGS_CURRENT_SUM_LOG1P
CC_CNT_DRAWINGS_POS_CURRENT_MAX_LOG1P,CC_CNT_DRAWINGS_POS_CURRENT_MAX_LOG1P
CC_CNT_DRAWINGS_POS_CURRENT_MEAN_LOG1P,CC_CNT_DRAWINGS_POS_CURRENT_MEAN_LOG1P
CC_CNT_DRAWINGS_POS_CURRENT_SUM_LOG1P,CC_CNT_DRAWINGS_POS_CURRENT_SUM_LOG1P
CC_CNT_INSTALMENT_MATURE_CUM_MAX_LOG1P,CC_CNT_INSTALMENT_MATURE_CUM_MAX_LOG1P
CC_CNT_INSTALMENT_MATURE_CUM_MEAN_LOG1P,CC_CNT_INSTALMENT_MATURE_CUM_MEAN_LOG1P
ELEVATORS_AVG_LOG1P,ELEVATORS_AVG_LOG1P
ELEVATORS_MEDI_LOG1P,ELEVATORS_MEDI_LOG1P
ELEVATORS_MODE_LOG1P,ELEVATORS_MODE_LOG1P
INS_DPD_MAX_LOG1P,INS_DPD_MAX_LOG1P
INS_DPD_MEAN_LOG1P,INS_DPD_MEAN_LOG1P
INS_DPD_SUM_LOG1P,INS_DPD_SUM_LOG1P
INS_LAST365_DPD_MAX_LOG1P,INS_LAST365_DPD_MAX_LOG1P
INS_LAST365_DPD_MEAN_LOG1P,INS_LAST365_DPD_MEAN_LOG1P
INS_LAST365_DPD_SUM_LOG1P,INS_LAST365_DPD_SUM_LOG1P
INS_LAST365_LATE_PAYMENT_FLAG_MEAN_LOG1P,INS_LAST365_LATE_PAYMENT_FLAG_MEAN_LOG1P
INS_LAST365_LATE_PAYMENT_FLAG_SUM_LOG1P,INS_LAST365_LATE_PAYMENT_FLAG_SUM_LOG1P
INS_LATE_PAYMENT_FLAG_MEAN_LOG1P,INS_LATE_PAYMENT_FLAG_MEAN_LOG1P
INS_LATE_PAYMENT_FLAG_SUM_LOG1P,INS_LATE_PAYMENT_FLAG_SUM_LOG1P
INS_PAY_DIFF_VAR_LOG1P,INS_PAY_DIFF_VAR_LOG1P
INS_PAY_PERC_VAR_LOG1P,INS_PAY_PERC_VAR_LOG1P
INS_UNDERPAY_FLAG_MEAN_LOG1P,INS_UNDERPAY_FLAG_MEAN_LOG1P
INS_UNDERPAY_FLAG_SUM_LOG1P,INS_UNDERPAY_FLAG_SUM_LOG1P
NONLIVINGAPARTMENTS_AVG_LOG1P,NONLIVINGAPARTMENTS_AVG_LOG1P
NONLIVINGAPARTMENTS_MEDI_LOG1P,NONLIVINGAPARTMENTS_MEDI_LOG1P
NONLIVINGAPARTMENTS_MODE_LOG1P,NONLIVINGAPARTMENTS_MODE_LOG1P
NONLIVINGAREA_AVG_LOG1P,NONLIVINGAREA_AVG_LOG1P
NONLIVINGAREA_MEDI_LOG1P,NONLIVINGAREA_MEDI_LOG1P
NONLIVINGAREA_MODE_LOG1P,NONLIVINGAREA_MODE_LOG1P
OBS_30_CNT_SOCIAL_CIRCLE_LOG1P,OBS_30_CNT_SOCIAL_CIRCLE_LOG1P
OBS_60_CNT_SOCIAL_CIRCLE_LOG1P,OBS_60_CNT_SOCIAL_CIRCLE_LOG1P
PREV_CHANNEL_TYPE_Stone_MEAN_LOG1P,PREV_CHANNEL_TYPE_Stone_MEAN_LOG1P
PREV_NAME_CLIENT_TYPE_Refreshed_MEAN_LOG1P,PREV_NAME_CLIENT_TYPE_Refreshed_MEAN_LOG1P
PREV_NAME_CONTRACT_STATUS_Refused_MEAN_LOG1P,PREV_NAME_CONTRACT_STATUS_Refused_MEAN_LOG1P
PREV_NAME_CONTRACT_TYPE_Revolving loans_MEAN_LOG1P,PREV_NAME_CONTRACT_TYPE_Revolving_loans_MEAN_LOG1P
PREV_NAME_GOODS_CATEGORY_Consumer Electronics_MEAN_LOG1P,PREV_NAME_GOODS_CATEGORY_Consumer_Electronics_MEAN_LOG1P
PREV_NAME_GOODS_CATEGORY_Mobile_MEAN_LOG1P,PREV_NAME_GOODS_CATEGORY_Mobile_MEAN_LOG1P
PREV_NAME_PORTFOLIO_Cards_MEAN_LOG1P,PREV_NAME_PORTFOLIO_Cards_MEAN_LOG1P
AGE_YEARS,AGE_YEARS
EMPLOYED_YEARS,EMPLOYED_YEARS
PHONE_CHANGE_YEARS,PHONE_CHANGE_YEARS
REGISTRATION_YEARS,REGISTRATION_YEARS
ID_PUBLISH_YEARS,ID_PUBLISH_YEARS
FE_ANNUITY_TO_INCOME,FE_ANNUITY_TO_INCOME
FE_CREDIT_TO_INCOME,FE_CREDIT_TO_INCOME
FE_CREDIT_TO_ANNUITY,FE_CREDIT_TO_ANNUITY
FE_GOODS_TO_CREDIT,FE_GOODS_TO_CREDIT
FE_INCOME_PER_PERSON,FE_INCOME_PER_PERSON
FE_CREDIT_PER_PERSON,FE_CREDIT_PER_PERSON
FE_INCOME_PER_CHILD,FE_INCOME_PER_CHILD
FE_EMPLOYED_TO_AGE,FE_EMPLOYED_TO_AGE
FE_PHONE_TO_AGE,FE_PHONE_TO_AGE
FE_REGISTRATION_TO_AGE,FE_REGISTRATION_TO_AGE
FE_ID_PUBLISH_TO_AGE,FE_ID_PUBLISH_TO_AGE
FE_SOCIAL_TOTAL_30,FE_SOCIAL_TOTAL_30
FE_SOCIAL_TOTAL_60,FE_SOCIAL_TOTAL_60
FE_DEF_TO_OBS_30,FE_DEF_TO_OBS_30
FE_DEF_TO_OBS_60,FE_DEF_TO_OBS_60
FE_TOTAL_BUREAU_INQUIRIES,FE_TOTAL_BUREAU_INQUIRIES
FE_ANY_BUREAU_INQUIRY,FE_ANY_BUREAU_INQUIRY
FE_APARTMENTS_MEAN,FE_APARTMENTS_MEAN
FE_APARTMENTS_STD,FE_APARTMENTS_STD
FE_APARTMENTS_RANGE,FE_APARTMENTS_RANGE
FE_APARTMENTS_MISS_COUNT,FE_APARTMENTS_MISS_COUNT
FE_BASEMENTAREA_MEAN,FE_BASEMENTAREA_MEAN
FE_BASEMENTAREA_STD,FE_BASEMENTAREA_STD
FE_BASEMENTAREA_RANGE,FE_BASEMENTAREA_RANGE
FE_BASEMENTAREA_MISS_COUNT,FE_BASEMENTAREA_MISS_COUNT
FE_ELEVATORS_MEAN,FE_ELEVATORS_MEAN
FE_ELEVATORS_STD,FE_ELEVATORS_STD
FE_ELEVATORS_RANGE,FE_ELEVATORS_RANGE
FE_ELEVATORS_MISS_COUNT,FE_ELEVATORS_MISS_COUNT
FE_ENTRANCES_MEAN,FE_ENTRANCES_MEAN
FE_ENTRANCES_STD,FE_ENTRANCES_STD
FE_ENTRANCES_RANGE,FE_ENTRANCES_RANGE
FE_ENTRANCES_MISS_COUNT,FE_ENTRANCES_MISS_COUNT
FE_FLOORSMAX_MEAN,FE_FLOORSMAX_MEAN
FE_FLOORSMAX_STD,FE_FLOORSMAX_STD
FE_FLOORSMAX_RANGE,FE_FLOORSMAX_RANGE
FE_FLOORSMAX_MISS_COUNT,FE_FLOORSMAX_MISS_COUNT
FE_LIVINGAREA_MEAN,FE_LIVINGAREA_MEAN
FE_LIVINGAREA_STD,FE_LIVINGAREA_STD
FE_LIVINGAREA_RANGE,FE_LIVINGAREA_RANGE
FE_LIVINGAREA_MISS_COUNT,FE_LIVINGAREA_MISS_COUNT
FE_NONLIVINGAREA_MEAN,FE_NONLIVINGAREA_MEAN
FE_NONLIVINGAREA_STD,FE_NONLIVINGAREA_STD
FE_NONLIVINGAREA_RANGE,FE_NONLIVINGAREA_RANGE
FE_NONLIVINGAREA_MISS_COUNT,FE_NONLIVINGAREA_MISS_COUNT
FE_YEARS_BEGINEXPLUATATION_MEAN,FE_YEARS_BEGINEXPLUATATION_MEAN
FE_YEARS_BEGINEXPLUATATION_STD,FE_YEARS_BEGINEXPLUATATION_STD
FE_YEARS_BEGINEXPLUATATION_RANGE,FE_YEARS_BEGINEXPLUATATION_RANGE
FE_YEARS_BEGINEXPLUATATION_MISS_COUNT,FE_YEARS_BEGINEXPLUATATION_MISS_COUNT
FE_YEARS_BUILD_MEAN,FE_YEARS_BUILD_MEAN
FE_YEARS_BUILD_STD,FE_YEARS_BUILD_STD
FE_YEARS_BUILD_RANGE,FE_YEARS_BUILD_RANGE
FE_YEARS_BUILD_MISS_COUNT,FE_YEARS_BUILD_MISS_COUNT
FE_LIVING_TO_TOTAL_AREA,FE_LIVING_TO_TOTAL_AREA
FE_NONLIVING_TO_TOTAL_AREA,FE_NONLIVING_TO_TOTAL_AREA
FE_BASEMENT_TO_TOTAL_AREA,FE_BASEMENT_TO_TOTAL_AREA
ORGANIZATION_TYPE_FREQ_ENC,ORGANIZATION_TYPE_FREQ_ENC
NAME_CONTRACT_TYPE_Cash loans,NAME_CONTRACT_TYPE_Cash_loans
NAME_CONTRACT_TYPE_Revolving loans,NAME_CONTRACT_TYPE_Revolving_loans
CODE_GENDER_F,CODE_GENDER_F
CODE_GENDER_M,CODE_GENDER_M
CODE_GENDER_XNA,CODE_GENDER_XNA
FLAG_OWN_CAR_N,FLAG_OWN_CAR_N
FLAG_OWN_CAR_Y,FLAG_OWN_CAR_Y
FLAG_OWN_REALTY_N,FLAG_OWN_REALTY_N
FLAG_OWN_REALTY_Y,FLAG_OWN_REALTY_Y
NAME_TYPE_SUITE_Children,NAME_TYPE_SUITE_Children
NAME_TYPE_SUITE_Family,NAME_TYPE_SUITE_Family
NAME_TYPE_SUITE_Group of people,NAME_TYPE_SUITE_Group_of_people
NAME_TYPE_SUITE_Other_A,NAME_TYPE_SUITE_Other_A
NAME_TYPE_SUITE_Other_B,NAME_TYPE_SUITE_Other_B
"NAME_TYPE_SUITE_Spouse, partner",NAME_TYPE_SUITE_Spouse_partner
NAME_TYPE_SUITE_Unaccompanied,NAME_TYPE_SUITE_Unaccompanied
NAME_TYPE_SUITE_Unknown,NAME_TYPE_SUITE_Unknown
NAME_INCOME_TYPE_Businessman,NAME_INCOME_TYPE_Businessman
NAME_INCOME_TYPE_Commercial associate,NAME_INCOME_TYPE_Commercial_associate
NAME_INCOME_TYPE_Maternity leave,NAME_INCOME_TYPE_Maternity_leave
NAME_INCOME_TYPE_Pensioner,NAME_INCOME_TYPE_Pensioner
NAME_INCOME_TYPE_State servant,NAME_INCOME_TYPE_State_servant
NAME_INCOME_TYPE_Student,NAME_INCOME_TYPE_Student
NAME_INCOME_TYPE_Unemployed,NAME_INCOME_TYPE_Unemployed
NAME_INCOME_TYPE_Working,NAME_INCOME_TYPE_Working
NAME_EDUCATION_TYPE_Academic degree,NAME_EDUCATION_TYPE_Academic_degree
NAME_EDUCATION_TYPE_Higher education,NAME_EDUCATION_TYPE_Higher_education
NAME_EDUCATION_TYPE_Incomplete higher,NAME_EDUCATION_TYPE_Incomplete_higher
NAME_EDUCATION_TYPE_Lower secondary,NAME_EDUCATION_TYPE_Lower_secondary
NAME_EDUCATION_TYPE_Secondary / secondary special,NAME_EDUCATION_TYPE_Secondary_secondary_special
NAME_FAMILY_STATUS_Civil marriage,NAME_FAMILY_STATUS_Civil_marriage
NAME_FAMILY_STATUS_Married,NAME_FAMILY_STATUS_Married
NAME_FAMILY_STATUS_Separated,NAME_FAMILY_STATUS_Separated
NAME_FAMILY_STATUS_Single / not married,NAME_FAMILY_STATUS_Single_not_married
NAME_FAMILY_STATUS_Unknown,NAME_FAMILY_STATUS_Unknown
NAME_FAMILY_STATUS_Widow,NAME_FAMILY_STATUS_Widow
NAME_HOUSING_TYPE_Co-op apartment,NAME_HOUSING_TYPE_Co_op_apartment
NAME_HOUSING_TYPE_House / apartment,NAME_HOUSING_TYPE_House_apartment
NAME_HOUSING_TYPE_Municipal apartment,NAME_HOUSING_TYPE_Municipal_apartment
NAME_HOUSING_TYPE_Office apartment,NAME_HOUSING_TYPE_Office_apartment
NAME_HOUSING_TYPE_Rented apartment,NAME_HOUSING_TYPE_Rented_apartment
NAME_HOUSING_TYPE_With parents,NAME_HOUSING_TYPE_With_parents
WEEKDAY_APPR_PROCESS_START_FRIDAY,WEEKDAY_APPR_PROCESS_START_FRIDAY
WEEKDAY_APPR_PROCESS_START_MONDAY,WEEKDAY_APPR_PROCESS_START_MONDAY
WEEKDAY_APPR_PROCESS_START_SATURDAY,WEEKDAY_APPR_PROCESS_START_SATURDAY
WEEKDAY_APPR_PROCESS_START_SUNDAY,WEEKDAY_APPR_PROCESS_START_SUNDAY
WEEKDAY_APPR_PROCESS_START_THURSDAY,WEEKDAY_APPR_PROCESS_START_THURSDAY
WEEKDAY_APPR_PROCESS_START_TUESDAY,WEEKDAY_APPR_PROCESS_START_TUESDAY
WEEKDAY_APPR_PROCESS_START_WEDNESDAY,WEEKDAY_APPR_PROCESS_START_WEDNESDAY
FONDKAPREMONT_MODE_Unknown,FONDKAPREMONT_MODE_Unknown
FONDKAPREMONT_MODE_not specified,FONDKAPREMONT_MODE_not_specified
FONDKAPREMONT_MODE_org spec account,FONDKAPREMONT_MODE_org_spec_account
FONDKAPREMONT_MODE_reg oper account,FONDKAPREMONT_MODE_reg_oper_account
FONDKAPREMONT_MODE_reg oper spec account,FONDKAPREMONT_MODE_reg_oper_spec_account
HOUSETYPE_MODE_Unknown,HOUSETYPE_MODE_Unknown
HOUSETYPE_MODE_block of flats,HOUSETYPE_MODE_block_of_flats
HOUSETYPE_MODE_specific housing,HOUSETYPE_MODE_specific_housing
HOUSETYPE_MODE_terraced house,HOUSETYPE_MODE_terraced_house
WALLSMATERIAL_MODE_Block,WALLSMATERIAL_MODE_Block
WALLSMATERIAL_MODE_Mixed,WALLSMATERIAL_MODE_Mixed
WALLSMATERIAL_MODE_Monolithic,WALLSMATERIAL_MODE_Monolithic
WALLSMATERIAL_MODE_Others,WALLSMATERIAL_MODE_Others
WALLSMATERIAL_MODE_Panel,WALLSMATERIAL_MODE_Panel
"WALLSMATERIAL_MODE_Stone, brick",WALLSMATERIAL_MODE_Stone_brick
WALLSMATERIAL_MODE_Unknown,WALLSMATERIAL_MODE_Unknown
WALLSMATERIAL_MODE_Wooden,WALLSMATERIAL_MODE_Wooden
EMERGENCYSTATE_MODE_No,EMERGENCYSTATE_MODE_No
EMERGENCYSTATE_MODE_Unknown,EMERGENCYSTATE_MODE_Unknown
EMERGENCYSTATE_MODE_Yes,EMERGENCYSTATE_MODE_Yes
"BUREAU_AMT_CREDIT_MAX_OVERDUE_MAX_BIN_Q5_(-0.001, 13.302]",BUREAU_AMT_CREDIT_MAX_OVERDUE_MAX_BIN_Q5_0_001_13_302
"BUREAU_AMT_CREDIT_MAX_OVERDUE_MAX_BIN_Q5_(-0.001, 1998.0]",BUREAU_AMT_CREDIT_MAX_OVERDUE_MAX_BIN_Q5_0_001_1998_0
"BUREAU_AMT_CREDIT_MAX_OVERDUE_MAX_BIN_Q5_(13.302, 14821.9]",BUREAU_AMT_CREDIT_MAX_OVERDUE_MAX_BIN_Q5_13_302_14821_9
"BUREAU_AMT_CREDIT_MAX_OVERDUE_MAX_BIN_Q5_(1998.0, 14821.9]",BUREAU_AMT_CREDIT_MAX_OVERDUE_MAX_BIN_Q5_1998_0_14821_9
"BUREAU_AMT_CREDIT_MAX_OVERDUE_MEAN_BIN_Q5_(-0.001, 4.5]",BUREAU_AMT_CREDIT_MAX_OVERDUE_MEAN_BIN_Q5_0_001_4_5
"BUREAU_AMT_CREDIT_MAX_OVERDUE_MEAN_BIN_Q5_(-0.001, 590.535]",BUREAU_AMT_CREDIT_MAX_OVERDUE_MEAN_BIN_Q5_0_001_590_535
"BUREAU_AMT_CREDIT_MAX_OVERDUE_MEAN_BIN_Q5_(4.5, 5310.0]",BUREAU_AMT_CREDIT_MAX_OVERDUE_MEAN_BIN_Q5_4_5_5310_0
"BUREAU_AMT_CREDIT_MAX_OVERDUE_MEAN_BIN_Q5_(590.535, 5310.0]",BUREAU_AMT_CREDIT_MAX_OVERDUE_MEAN_BIN_Q5_590_535_5310_0
"BUREAU_BB_MONTHS_BALANCE_MAX_MEAN_BIN_Q5_(-7.001, 0.0]",BUREAU_BB_MONTHS_BALANCE_MAX_MEAN_BIN_Q5_7_001_0_0
"BUREAU_BB_MONTHS_BALANCE_MAX_MEAN_BIN_Q5_(-92.001, 0.0]",BUREAU_BB_MONTHS_BALANCE_MAX_MEAN_BIN_Q5_92_001_0_0
"BUREAU_BB_STATUS_1_MEAN_MEAN_BIN_Q5_(-0.001, 0.0102]",BUREAU_BB_STATUS_1_MEAN_MEAN_BIN_Q5_0_001_0_0102
"BUREAU_BB_STATUS_1_MEAN_MEAN_BIN_Q5_(-0.001, 0.02]",BUREAU_BB_STATUS_1_MEAN_MEAN_BIN_Q5_0_001_0_02
"BUREAU_BB_STATUS_1_MEAN_MEAN_BIN_Q5_(0.0102, 0.02]",BUREAU_BB_STATUS_1_MEAN_MEAN_BIN_Q5_0_0102_0_02
"BUREAU_BB_STATUS_BAD_FLAG_MEAN_MEAN_BIN_Q5_(-0.001, 0.0114]",BUREAU_BB_STATUS_BAD_FLAG_MEAN_MEAN_BIN_Q5_0_001_0_0114
"BUREAU_BB_STATUS_BAD_FLAG_MEAN_MEAN_BIN_Q5_(-0.001, 0.03]",BUREAU_BB_STATUS_BAD_FLAG_MEAN_MEAN_BIN_Q5_0_001_0_03
"BUREAU_BB_STATUS_BAD_FLAG_MEAN_MEAN_BIN_Q5_(0.0114, 0.03]",BUREAU_BB_STATUS_BAD_FLAG_MEAN_MEAN_BIN_Q5_0_0114_0_03
"BUREAU_BB_STATUS_BAD_FLAG_SUM_MEAN_BIN_Q5_(-0.001, 0.357]",BUREAU_BB_STATUS_BAD_FLAG_SUM_MEAN_BIN_Q5_0_001_0_357
"BUREAU_BB_STATUS_BAD_FLAG_SUM_MEAN_BIN_Q5_(-0.001, 0.68]",BUREAU_BB_STATUS_BAD_FLAG_SUM_MEAN_BIN_Q5_0_001_0_68
"BUREAU_BB_STATUS_BAD_FLAG_SUM_MEAN_BIN_Q5_(0.357, 0.68]",BUREAU_BB_STATUS_BAD_FLAG_SUM_MEAN_BIN_Q5_0_357_0_68
"BUREAU_CREDIT_TYPE_Credit card_MEAN_BIN_Q5_(-0.001, 0.214]",BUREAU_CREDIT_TYPE_Credit_card_MEAN_BIN_Q5_0_001_0_214
"BUREAU_CREDIT_TYPE_Credit card_MEAN_BIN_Q5_(-0.001, 0.2]",BUREAU_CREDIT_TYPE_Credit_card_MEAN_BIN_Q5_0_001_0_2
"BUREAU_CREDIT_TYPE_Credit card_MEAN_BIN_Q5_(0.2, 0.375]",BUREAU_CREDIT_TYPE_Credit_card_MEAN_BIN_Q5_0_2_0_375
"BUREAU_CREDIT_TYPE_Credit card_MEAN_BIN_Q5_(0.214, 0.375]",BUREAU_CREDIT_TYPE_Credit_card_MEAN_BIN_Q5_0_214_0_375
"BUREAU_CREDIT_TYPE_Credit card_MEAN_BIN_Q5_(0.375, 1.0]",BUREAU_CREDIT_TYPE_Credit_card_MEAN_BIN_Q5_0_375_1_0
"CC_AMT_BALANCE_MAX_BIN_Q5_(-0.001, 1354829.265]",CC_AMT_BALANCE_MAX_BIN_Q5_0_001_1354829_265
"CC_AMT_BALANCE_MAX_BIN_Q5_(-0.001, 42853.446]",CC_AMT_BALANCE_MAX_BIN_Q5_0_001_42853_446
"CC_AMT_BALANCE_MAX_BIN_Q5_(42853.446, 1505902.185]",CC_AMT_BALANCE_MAX_BIN_Q5_42853_446_1505902_185
"CC_AMT_BALANCE_MEAN_BIN_Q5_(-188.856, 0.0]",CC_AMT_BALANCE_MEAN_BIN_Q5_188_856_0_0
"CC_AMT_BALANCE_MEAN_BIN_Q5_(-2930.2340000000004, 0.0]",CC_AMT_BALANCE_MEAN_BIN_Q5_2930_2340000000004_0_0
"CC_AMT_BALANCE_MEAN_BIN_Q5_(0.0, 246526.26]",CC_AMT_BALANCE_MEAN_BIN_Q5_0_0_246526_26
"CC_AMT_BALANCE_MEAN_BIN_Q5_(0.0, 3892.065]",CC_AMT_BALANCE_MEAN_BIN_Q5_0_0_3892_065
"CC_AMT_BALANCE_MEAN_BIN_Q5_(3892.065, 246526.26]",CC_AMT_BALANCE_MEAN_BIN_Q5_3892_065_246526_26
"CC_AMT_BALANCE_SUM_BIN_Q5_(-126000.001, 0.0]",CC_AMT_BALANCE_SUM_BIN_Q5_126000_001_0_0
"CC_AMT_BALANCE_SUM_BIN_Q5_(-8120.746, 0.0]",CC_AMT_BALANCE_SUM_BIN_Q5_8120_746_0_0
"CC_AMT_BALANCE_SUM_BIN_Q5_(0.0, 103359.051]",CC_AMT_BALANCE_SUM_BIN_Q5_0_0_103359_051
"CC_AMT_BALANCE_SUM_BIN_Q5_(0.0, 7687950.86]",CC_AMT_BALANCE_SUM_BIN_Q5_0_0_7687950_86
"CC_AMT_BALANCE_SUM_BIN_Q5_(103359.051, 7687950.86]",CC_AMT_BALANCE_SUM_BIN_Q5_103359_051_7687950_86
"CC_AMT_DRAWINGS_ATM_CURRENT_SUM_BIN_Q5_(-0.001, 618750.0]",CC_AMT_DRAWINGS_ATM_CURRENT_SUM_BIN_Q5_0_001_618750_0
"CC_AMT_DRAWINGS_CURRENT_MAX_BIN_Q5_(-0.001, 2115000.0]",CC_AMT_DRAWINGS_CURRENT_MAX_BIN_Q5_0_001_2115000_0
"CC_AMT_DRAWINGS_CURRENT_MAX_BIN_Q5_(-0.001, 28145.925]",CC_AMT_DRAWINGS_CURRENT_MAX_BIN_Q5_0_001_28145_925
"CC_AMT_DRAWINGS_CURRENT_MAX_BIN_Q5_(28145.925, 2287098.315]",CC_AMT_DRAWINGS_CURRENT_MAX_BIN_Q5_28145_925_2287098_315
"CC_AMT_DRAWINGS_CURRENT_MEAN_BIN_Q5_(-0.001, 45834.99]",CC_AMT_DRAWINGS_CURRENT_MEAN_BIN_Q5_0_001_45834_99
"CC_AMT_DRAWINGS_CURRENT_MEAN_BIN_Q5_(-17.579, 0.0]",CC_AMT_DRAWINGS_CURRENT_MEAN_BIN_Q5_17_579_0_0
"CC_AMT_DRAWINGS_CURRENT_MEAN_BIN_Q5_(0.0, 949.373]",CC_AMT_DRAWINGS_CURRENT_MEAN_BIN_Q5_0_0_949_373
"CC_AMT_DRAWINGS_CURRENT_MEAN_BIN_Q5_(949.373, 45834.99]",CC_AMT_DRAWINGS_CURRENT_MEAN_BIN_Q5_949_373_45834_99
"CC_AMT_DRAWINGS_CURRENT_SUM_BIN_Q5_(-0.001, 918426.94]",CC_AMT_DRAWINGS_CURRENT_SUM_BIN_Q5_0_001_918426_94
"CC_AMT_DRAWINGS_CURRENT_SUM_BIN_Q5_(-1687.501, 0.0]",CC_AMT_DRAWINGS_CURRENT_SUM_BIN_Q5_1687_501_0_0
"CC_AMT_DRAWINGS_CURRENT_SUM_BIN_Q5_(0.0, 45000.0]",CC_AMT_DRAWINGS_CURRENT_SUM_BIN_Q5_0_0_45000_0
"CC_AMT_DRAWINGS_CURRENT_SUM_BIN_Q5_(45000.0, 918426.94]",CC_AMT_DRAWINGS_CURRENT_SUM_BIN_Q5_45000_0_918426_94
"CC_AMT_DRAWINGS_POS_CURRENT_MAX_BIN_Q5_(-0.001, 142418.33]",CC_AMT_DRAWINGS_POS_CURRENT_MAX_BIN_Q5_0_001_142418_33
"CC_AMT_DRAWINGS_POS_CURRENT_MEAN_BIN_Q5_(-0.001, 20801.43]",CC_AMT_DRAWINGS_POS_CURRENT_MEAN_BIN_Q5_0_001_20801_43
"CC_AMT_DRAWINGS_POS_CURRENT_SUM_BIN_Q5_(-0.001, 149554.91]",CC_AMT_DRAWINGS_POS_CURRENT_SUM_BIN_Q5_0_001_149554_91
"CC_AMT_INST_MIN_REGULARITY_MAX_BIN_Q5_(-0.001, 202882.005]",CC_AMT_INST_MIN_REGULARITY_MAX_BIN_Q5_0_001_202882_005
"CC_AMT_INST_MIN_REGULARITY_MAX_BIN_Q5_(-0.001, 2250.0]",CC_AMT_INST_MIN_REGULARITY_MAX_BIN_Q5_0_001_2250_0
"CC_AMT_INST_MIN_REGULARITY_MAX_BIN_Q5_(2250.0, 194198.31]",CC_AMT_INST_MIN_REGULARITY_MAX_BIN_Q5_2250_0_194198_31
"CC_AMT_INST_MIN_REGULARITY_MEAN_BIN_Q5_(-0.001, 12714.68]",CC_AMT_INST_MIN_REGULARITY_MEAN_BIN_Q5_0_001_12714_68
"CC_AMT_INST_MIN_REGULARITY_MEAN_BIN_Q5_(-0.001, 373.458]",CC_AMT_INST_MIN_REGULARITY_MEAN_BIN_Q5_0_001_373_458
"CC_AMT_INST_MIN_REGULARITY_MEAN_BIN_Q5_(373.458, 12714.68]",CC_AMT_INST_MIN_REGULARITY_MEAN_BIN_Q5_373_458_12714_68
"CC_AMT_PAYMENT_TOTAL_CURRENT_MAX_BIN_Q5_(-0.001, 10746.423]",CC_AMT_PAYMENT_TOTAL_CURRENT_MAX_BIN_Q5_0_001_10746_423
"CC_AMT_PAYMENT_TOTAL_CURRENT_MAX_BIN_Q5_(-0.001, 272250.0]",CC_AMT_PAYMENT_TOTAL_CURRENT_MAX_BIN_Q5_0_001_272250_0
"CC_AMT_PAYMENT_TOTAL_CURRENT_MAX_BIN_Q5_(10746.423, 272250.0]",CC_AMT_PAYMENT_TOTAL_CURRENT_MAX_BIN_Q5_10746_423_272250_0
